action,policy,incident,surge_room,surge_time,elapsed_time,remaining_agents,episode_reward,error
0,ACB,B_route_08,C,10.0,69.7,0,-0.5487301587301587,
1,ACJ1,B_route_08,C,10.0,69.7,0,-0.559047619047619,
3,ACA,B_route_08,C,10.0,69.7,0,-0.5546825396825397,
11,CCB,B_route_08,C,10.0,70.51,0,-0.5691031746031746,
14,CCA,B_route_08,C,10.0,70.51,0,-0.5579920634920635,
21,CJ3A,B_route_08,C,10.0,71.47,0,-0.5621349206349207,
12,CCJ1,B_route_08,C,10.0,77.87,0,-0.6365793650793651,
2,ACJ2,B_route_08,C,10.0,81.19,0,-0.6399444444444444,
13,CCJ2,B_route_08,C,10.0,83.13,0,-0.6681825396825397,
4,AJ1B,B_route_08,C,10.0,84.45,0,-0.673531746031746,
15,CJ1B,B_route_08,C,10.0,86.0,0,-0.6849206349206349,
18,CJ1A,B_route_08,C,10.0,86.0,0,-0.6738095238095237,
20,CJ3J1,B_route_08,C,10.0,86.62,0,-0.7038412698412699,
16,CJ1J1,B_route_08,C,10.0,93.08,0,-0.7524285714285714,
7,AJ1A,B_route_08,C,10.0,93.81,0,-0.7548968253968253,
10,AJ3A,B_route_08,C,10.0,94.71000000000001,0,-0.7606904761904763,
6,AJ1J2,B_route_08,C,10.0,95.91,0,-0.7701349206349206,
5,AJ1J1,B_route_08,C,10.0,97.77,0,-0.7888015873015872,
9,AJ3J1,B_route_08,C,10.0,100.54,0,-0.8085555555555555,
27,J2J3A,B_route_08,C,10.0,101.05,0,-0.8109920634920634,
28,J3CB,B_route_08,C,10.0,102.35000000000001,0,-0.8051190476190476,
17,CJ1J2,B_route_08,C,10.0,104.02,0,-0.8393968253968254,
29,J3CJ2,B_route_08,C,10.0,110.87,0,-0.9099920634920634,
8,AJ3B,B_route_08,C,10.0,128.47,0,-0.9788015873015872,
19,CJ3B,B_route_08,C,10.0,128.47,0,-0.9839603174603174,
22,J2CB,B_route_08,C,10.0,180.0,40,-1.5309523809523808,
23,J2CJ1,B_route_08,C,10.0,180.0,93,-1.7123015873015865,
24,J2CJ2,B_route_08,C,10.0,180.0,88,-1.7162698412698405,
25,J2CA,B_route_08,C,10.0,180.0,40,-1.5198412698412698,
26,J2J3B,B_route_08,C,10.0,180.0,2,-1.4674603174603176,
30,J3CA,B_route_08,C,10.0,180.0,2,-1.2325396825396826,
31,J3J1B,B_route_08,C,10.0,180.0,4,-1.471825396825397,
32,J3J1A,B_route_08,C,10.0,180.0,67,-1.6714285714285708,
33,J3J3B,B_route_08,C,10.0,180.0,3,-1.4734126984126985,
34,J3J3A,B_route_08,C,10.0,180.0,34,-1.5904761904761902,
21,CJ3A,C_exit,C,10.0,71.47,0,-0.5799920634920634,
4,AJ1B,C_exit,C,10.0,84.45,0,-0.6703571428571429,
7,AJ1A,C_exit,C,10.0,93.81,0,-0.7548968253968253,
10,AJ3A,C_exit,C,10.0,94.71000000000001,0,-0.7606904761904763,
6,AJ1J2,C_exit,C,10.0,95.91,0,-0.7701349206349206,
5,AJ1J1,C_exit,C,10.0,97.77,0,-0.7888015873015872,
0,ACB,C_exit,C,10.0,99.11,0,-0.7395,
3,ACA,C_exit,C,10.0,99.11,0,-0.7486269841269841,
1,ACJ1,C_exit,C,10.0,99.11,0,-0.7529920634920635,
28,J3CB,C_exit,C,10.0,99.11,0,-0.7815634920634922,
8,AJ3B,C_exit,C,10.0,100.33,0,-0.7855634920634921,
19,CJ3B,C_exit,C,10.0,100.33,0,-0.8085793650793651,
9,AJ3J1,C_exit,C,10.0,100.54,0,-0.8085555555555555,
27,J2J3A,C_exit,C,10.0,101.05,0,-0.8109920634920634,
31,J3J1B,C_exit,C,10.0,115.38,0,-0.9564761904761905,
2,ACJ2,C_exit,C,10.0,127.07000000000001,0,-0.963484126984127,
26,J2J3B,C_exit,C,10.0,128.02,0,-1.0643968253968255,
33,J3J3B,C_exit,C,10.0,139.64000000000001,0,-1.1476031746031747,
15,CJ1B,C_exit,C,10.0,168.15,0,-1.3032142857142857,
18,CJ1A,C_exit,C,10.0,168.15,0,-1.2952777777777778,
11,CCB,C_exit,C,10.0,180.0,76,-1.593253968253968,
14,CCA,C_exit,C,10.0,180.0,76,-1.58531746031746,
17,CJ1J2,C_exit,C,10.0,180.0,58,-1.551190476190476,
16,CJ1J1,C_exit,C,10.0,180.0,55,-1.5464285714285713,
12,CCJ1,C_exit,C,10.0,180.0,89,-1.6801587301587295,
13,CCJ2,C_exit,C,10.0,180.0,89,-1.6789682539682533,
22,J2CB,C_exit,C,10.0,180.0,21,-1.4876984126984127,
20,CJ3J1,C_exit,C,10.0,180.0,90,-1.682539682539682,
25,J2CA,C_exit,C,10.0,180.0,21,-1.4797619047619048,
23,J2CJ1,C_exit,C,10.0,180.0,92,-1.7071428571428564,
24,J2CJ2,C_exit,C,10.0,180.0,82,-1.702777777777777,
30,J3CA,C_exit,C,10.0,180.0,2,-1.2630952380952383,
29,J3CJ2,C_exit,C,10.0,180.0,63,-1.5690476190476188,
32,J3J1A,C_exit,C,10.0,180.0,67,-1.6714285714285708,
34,J3J3A,C_exit,C,10.0,180.0,34,-1.5904761904761902,
11,CCB,bottom_loop_left,C,10.0,70.02,0,-0.5628095238095238,
14,CCA,bottom_loop_left,C,10.0,70.02,0,-0.5548730158730159,
0,ACB,bottom_loop_left,C,10.0,70.92,0,-0.5531269841269841,
1,ACJ1,bottom_loop_left,C,10.0,70.92,0,-0.5666190476190476,
3,ACA,bottom_loop_left,C,10.0,70.92,0,-0.5622539682539682,
28,J3CB,bottom_loop_left,C,10.0,70.92,0,-0.5951904761904762,
2,ACJ2,bottom_loop_left,C,10.0,71.95,0,-0.5735317460317461,
12,CCJ1,bottom_loop_left,C,10.0,76.88,0,-0.6286984126984126,
13,CCJ2,bottom_loop_left,C,10.0,77.09,0,-0.6290714285714286,
15,CJ1B,bottom_loop_left,C,10.0,86.9,0,-0.6875396825396826,
18,CJ1A,bottom_loop_left,C,10.0,86.9,0,-0.6796031746031745,
4,AJ1B,bottom_loop_left,C,10.0,87.43,0,-0.6888968253968255,
8,AJ3B,bottom_loop_left,C,10.0,87.77,0,-0.6856269841269841,
16,CJ1J1,bottom_loop_left,C,10.0,94.11,0,-0.7601349206349207,
7,AJ1A,bottom_loop_left,C,10.0,95.7,0,-0.7626190476190476,
21,CJ3A,bottom_loop_left,C,10.0,95.99000000000001,0,-0.7384365079365081,
6,AJ1J2,bottom_loop_left,C,10.0,96.2,0,-0.776904761904762,
5,AJ1J1,bottom_loop_left,C,10.0,96.71000000000001,0,-0.7801349206349206,
19,CJ3B,bottom_loop_left,C,10.0,98.39,0,-0.7692301587301588,
17,CJ1J2,bottom_loop_left,C,10.0,99.18,0,-0.7934603174603175,
9,AJ3J1,bottom_loop_left,C,10.0,101.08,0,-0.806,
10,AJ3A,bottom_loop_left,C,10.0,101.11,0,-0.8188650793650794,
20,CJ3J1,bottom_loop_left,C,10.0,102.49000000000001,0,-0.8082777777777779,
31,J3J1B,bottom_loop_left,C,10.0,114.91,0,-0.9506904761904762,
33,J3J3B,bottom_loop_left,C,10.0,126.10000000000001,0,-1.0549206349206348,
22,J2CB,bottom_loop_left,C,10.0,180.0,23,-1.4944444444444445,
23,J2CJ1,bottom_loop_left,C,10.0,180.0,94,-1.7138888888888881,
24,J2CJ2,bottom_loop_left,C,10.0,180.0,93,-1.7234126984126983,
25,J2CA,bottom_loop_left,C,10.0,180.0,23,-1.4865079365079366,
30,J3CA,bottom_loop_left,C,10.0,180.0,2,-1.2333333333333334,
26,J2J3B,bottom_loop_left,C,10.0,180.0,96,-1.7158730158730164,
29,J3CJ2,bottom_loop_left,C,10.0,180.0,54,-1.4968253968253962,
27,J2J3A,bottom_loop_left,C,10.0,180.0,96,-1.7035714285714292,
32,J3J1A,bottom_loop_left,C,10.0,180.0,73,-1.6769841269841264,
34,J3J3A,bottom_loop_left,C,10.0,180.0,31,-1.5801587301587299,
