incident,pre_policy,post_policy,seed,elapsed_time,remaining_agents,episode_reward,error
B_route_08,CCA,CJ3A,0,65.52,0,-0.5151904761904761,
B_route_08,CCA,ACB,0,69.57000000000001,0,-0.5408650793650793,
B_route_08,CCA,ACJ1,0,69.57000000000001,0,-0.5448333333333334,
B_route_08,CCA,ACA,0,69.57000000000001,0,-0.5452301587301588,
B_route_08,CCA,CCB,0,70.51,0,-0.5571984126984127,
B_route_08,CCA,CCA,0,70.51,0,-0.5579920634920635,
B_route_08,CCA,J3CB,0,71.34,0,-0.5701428571428572,
B_route_08,CCA,J3CA,0,71.34,0,-0.570936507936508,
B_route_08,CCA,ACJ2,0,73.06,0,-0.568984126984127,
B_route_08,CCA,CCJ1,0,73.22,0,-0.5801904761904761,
B_route_08,CCA,CCJ2,0,73.46000000000001,0,-0.5823174603174603,
B_route_08,CCA,AJ1B,0,78.98,0,-0.609015873015873,
B_route_08,CCA,CJ3J1,0,81.12,0,-0.632015873015873,
B_route_08,CCA,AJ3A,0,81.93,0,-0.6392936507936509,
B_route_08,CCA,AJ1J2,0,82.85000000000001,0,-0.6432142857142857,
B_route_08,CCA,AJ1A,0,83.15,0,-0.6436904761904763,
B_route_08,CCA,AJ1J1,0,83.55,0,-0.6471031746031746,
B_route_08,CCA,CJ1B,0,86.53,0,-0.6660396825396825,
B_route_08,CCA,CJ1A,0,86.53,0,-0.6668333333333333,
B_route_08,CCA,J2J3A,0,86.66,0,-0.6723174603174603,
B_route_08,CCA,AJ3J1,0,87.36,0,-0.6734285714285714,
B_route_08,CCA,CJ1J1,0,88.05,0,-0.6800396825396825,
B_route_08,CCA,CJ1J2,0,89.75,0,-0.6958333333333333,
B_route_08,CCA,AJ3B,0,90.66,0,-0.6743015873015872,
B_route_08,CCA,CJ3B,0,90.66,0,-0.6786666666666666,
B_route_08,CCA,J3CJ2,0,91.34,0,-0.7197460317460318,
B_route_08,CCA,J3J3B,0,127.76,0,-0.9629523809523808,
B_route_08,CCA,J2J3B,0,127.78,0,-0.963063492063492,
B_route_08,CCA,J3J1B,0,131.28,0,-0.9924285714285712,
B_route_08,CCA,J3J1A,0,144.97,0,-1.0942777777777777,
B_route_08,CCA,J2CB,0,174.91,0,-1.3292619047619045,
B_route_08,CCA,J2CA,0,174.91,0,-1.3300555555555553,
B_route_08,CCA,J2CJ2,0,180.0,4,-1.3817460317460317,
B_route_08,CCA,J2CJ1,0,180.0,56,-1.4797619047619042,
B_route_08,CCA,J3J3A,0,180.0,2,-1.321031746031746,
C_exit,CCA,AJ3B,0,67.36,0,-0.5333492063492064,
C_exit,CCA,J3J3B,0,70.62,0,-0.5705079365079365,
C_exit,CCA,AJ3A,0,76.72,0,-0.6103492063492063,
C_exit,CCA,AJ1B,0,77.24,0,-0.6088730158730158,
C_exit,CCA,AJ1J1,0,80.67,0,-0.6378492063492063,
C_exit,CCA,AJ1J2,0,81.01,0,-0.6401349206349206,
C_exit,CCA,J2J3B,0,82.94,0,-0.6631587301587302,
C_exit,CCA,AJ3J1,0,83.95,0,-0.6604365079365079,
C_exit,CCA,J2J3A,0,84.46000000000001,0,-0.6676349206349207,
C_exit,CCA,AJ1A,0,89.27,0,-0.6927698412698412,
C_exit,CCA,J3J1B,0,93.02,0,-0.7310634920634921,
C_exit,CCA,CJ3B,0,95.02,0,-0.7342380952380952,
C_exit,CCA,CJ3A,0,95.02,0,-0.7314603174603175,
C_exit,CCA,J3CB,0,111.25,0,-0.8470238095238095,
C_exit,CCA,J3CA,0,111.25,0,-0.8549603174603174,
C_exit,CCA,ACJ1,0,111.45,0,-0.8409920634920635,
C_exit,CCA,ACB,0,111.45,0,-0.8374206349206349,
C_exit,CCA,ACA,0,111.45,0,-0.8409920634920635,
C_exit,CCA,ACJ2,0,123.15,0,-0.927420634920635,
C_exit,CCA,J3J3A,0,147.43,0,-1.1392936507936506,
C_exit,CCA,J2CB,0,157.11,0,-1.211325396825397,
C_exit,CCA,J2CA,0,157.11,0,-1.2121190476190478,
C_exit,CCA,J2CJ1,0,165.18,0,-1.281952380952381,
C_exit,CCA,J3J1A,0,167.28,0,-1.2674285714285713,
C_exit,CCA,J2CJ2,0,176.36,0,-1.3706507936507937,
C_exit,CCA,CJ1J2,0,180.0,2,-1.4103174603174604,
C_exit,CCA,CJ1B,0,180.0,50,-1.464285714285714,
C_exit,CCA,CJ1A,0,180.0,50,-1.4650793650793648,
C_exit,CCA,CJ3J1,0,180.0,56,-1.4968253968253964,
C_exit,CCA,CJ1J1,0,180.0,59,-1.5099206349206349,
C_exit,CCA,CCJ2,0,180.0,71,-1.5666666666666664,
C_exit,CCA,CCB,0,180.0,76,-1.5845238095238092,
C_exit,CCA,CCA,0,180.0,76,-1.58531746031746,
C_exit,CCA,CCJ1,0,180.0,83,-1.6261904761904755,
C_exit,CCA,J3CJ2,0,180.0,58,-1.5043650793650793,
bottom_loop_left,CCA,ACB,0,69.96000000000001,0,-0.543031746031746,
bottom_loop_left,CCA,ACJ1,0,69.96000000000001,0,-0.547,
bottom_loop_left,CCA,ACJ2,0,69.96000000000001,0,-0.547,
bottom_loop_left,CCA,ACA,0,69.96000000000001,0,-0.5473968253968254,
bottom_loop_left,CCA,CCB,0,70.02,0,-0.5540793650793651,
bottom_loop_left,CCA,CCA,0,70.02,0,-0.5548730158730159,
bottom_loop_left,CCA,J3CB,0,72.29,0,-0.5682777777777779,
bottom_loop_left,CCA,J3CA,0,72.29,0,-0.5762142857142858,
bottom_loop_left,CCA,CCJ1,0,73.47,0,-0.5823730158730158,
bottom_loop_left,CCA,CCJ2,0,74.55,0,-0.5879761904761904,
bottom_loop_left,CCA,AJ1B,0,77.85000000000001,0,-0.6031349206349207,
bottom_loop_left,CCA,AJ1J2,0,81.12,0,-0.6316190476190476,
bottom_loop_left,CCA,AJ1A,0,81.2,0,-0.6320634920634921,
bottom_loop_left,CCA,AJ1J1,0,82.06,0,-0.6396190476190476,
bottom_loop_left,CCA,AJ3B,0,82.95,0,-0.6338492063492064,
bottom_loop_left,CCA,CJ1J2,0,86.61,0,-0.6744206349206349,
bottom_loop_left,CCA,CJ1B,0,87.55,0,-0.6709126984126984,
bottom_loop_left,CCA,CJ1A,0,87.55,0,-0.6717063492063492,
bottom_loop_left,CCA,AJ3A,0,87.97,0,-0.6736428571428571,
bottom_loop_left,CCA,CJ1J1,0,89.64,0,-0.6896666666666667,
bottom_loop_left,CCA,AJ3J1,0,91.21000000000001,0,-0.6968015873015874,
bottom_loop_left,CCA,CJ3J1,0,92.14,0,-0.7099047619047618,
bottom_loop_left,CCA,CJ3B,0,93.75,0,-0.7136904761904762,
bottom_loop_left,CCA,CJ3A,0,93.75,0,-0.714484126984127,
bottom_loop_left,CCA,J3J1B,0,94.93,0,-0.7349285714285714,
bottom_loop_left,CCA,J3J3B,0,97.91,0,-0.7530714285714285,
bottom_loop_left,CCA,J3J1A,0,147.12,0,-1.1189206349206349,
bottom_loop_left,CCA,J2CB,0,166.25,0,-1.271626984126984,
bottom_loop_left,CCA,J2CA,0,166.25,0,-1.2724206349206348,
bottom_loop_left,CCA,J2CJ2,0,175.63,0,-1.3550873015873013,
bottom_loop_left,CCA,J2CJ1,0,180.0,2,-1.395238095238095,
bottom_loop_left,CCA,J3CJ2,0,180.0,33,-1.353174603174603,
bottom_loop_left,CCA,J3J3A,0,180.0,2,-1.3186507936507936,
bottom_loop_left,CCA,J2J3B,0,180.0,74,-1.5630952380952376,
bottom_loop_left,CCA,J2J3A,0,180.0,74,-1.5638888888888884,
