controller,seed,incident,surge_room,surge_count,elapsed_time,episode_reward,remaining_agents,first_action,first_post_action,action_trace,error
ppo,8,C_exit,A,20,57.4,-0.4587037037037037,0,CCA,AJ3B,0.00:CCA | 10.00:AJ3B | 20.00:AJ3B | 30.00:AJ3B | 40.00:AJ3B | 50.00:AJ3B,
fixed,8,C_exit,A,20,67.16,-0.5282037037037037,0,ACA,ACA,0.00:ACA | 10.00:ACA | 20.00:ACA | 30.00:ACA | 40.00:ACA | 50.00:ACA | 60.00:ACA,
ppo,8,C_exit,A,30,66.71000000000001,-0.5265940170940171,0,CCA,AJ3B,0.00:CCA | 10.00:AJ3B | 20.00:AJ3B | 30.00:AJ3B | 40.00:AJ3B | 50.00:AJ3B | 60.00:AJ3B,
fixed,8,C_exit,A,30,72.41,-0.5732179487179487,0,ACA,ACA,0.00:ACA | 10.00:ACA | 20.00:ACA | 30.00:ACA | 40.00:ACA | 50.00:ACA | 60.00:ACA | 70.00:ACA,
ppo,8,C_exit,A,40,70.77,-0.5602301587301587,0,CCA,AJ3B,0.00:CCA | 10.00:AJ3B | 20.00:AJ3B | 30.00:AJ3B | 40.00:AJ3B | 50.00:AJ3B | 60.00:AJ3B | 70.00:AJ3B,
fixed,8,C_exit,A,40,80.13,-0.6304841269841269,0,ACA,ACA,0.00:ACA | 10.00:ACA | 20.00:ACA | 30.00:ACA | 40.00:ACA | 50.00:ACA | 60.00:ACA | 70.00:ACA | 80.00:ACA,
ppo,8,C_exit,B,20,60.74,-0.4823518518518519,0,CCA,ACA,0.00:CCA | 10.00:ACA | 20.00:AJ3B | 30.00:AJ3B | 40.00:AJ3B | 50.00:AJ3B | 60.00:AJ3B,
fixed,8,C_exit,B,20,63.59,-0.5042037037037037,0,ACA,ACA,0.00:ACA | 10.00:ACA | 20.00:ACA | 30.00:ACA | 40.00:ACA | 50.00:ACA | 60.00:ACA,
ppo,8,C_exit,B,30,62.88,-0.5125811965811966,0,CCA,ACA,0.00:CCA | 10.00:ACA | 20.00:AJ3B | 30.00:AJ3B | 40.00:AJ3B | 50.00:AJ3B | 60.00:AJ3B,
fixed,8,C_exit,B,30,73.12,-0.5763076923076923,0,ACA,ACA,0.00:ACA | 10.00:ACA | 20.00:ACA | 30.00:ACA | 40.00:ACA | 50.00:ACA | 60.00:ACA | 70.00:ACA,
ppo,8,C_exit,B,40,68.19,-0.5538333333333333,0,CCA,ACA,0.00:CCA | 10.00:ACA | 20.00:ACA | 30.00:AJ3B | 40.00:AJ3B | 50.00:AJ3B | 60.00:AJ3B,
fixed,8,C_exit,B,40,79.65,-0.6294047619047619,0,ACA,ACA,0.00:ACA | 10.00:ACA | 20.00:ACA | 30.00:ACA | 40.00:ACA | 50.00:ACA | 60.00:ACA | 70.00:ACA,
ppo,8,C_exit,C,20,50.17,-0.4111296296296296,0,CCA,AJ3B,0.00:CCA | 10.00:AJ3B | 20.00:AJ3B | 30.00:AJ3B | 40.00:AJ3B | 50.00:AJ3B,
fixed,8,C_exit,C,20,70.57000000000001,-0.5466851851851853,0,ACA,ACA,0.00:ACA | 10.00:ACA | 20.00:ACA | 30.00:ACA | 40.00:ACA | 50.00:ACA | 60.00:ACA | 70.00:ACA,
ppo,8,C_exit,C,30,58.42,-0.4677179487179487,0,CCA,AJ3B,0.00:CCA | 10.00:AJ3B | 20.00:AJ3B | 30.00:AJ3B | 40.00:AJ3B | 50.00:AJ3B,
fixed,8,C_exit,C,30,83.7,-0.638931623931624,0,ACA,ACA,0.00:ACA | 10.00:ACA | 20.00:ACA | 30.00:ACA | 40.00:ACA | 50.00:ACA | 60.00:ACA | 70.00:ACA | 80.00:ACA,
ppo,8,C_exit,C,40,66.25,-0.5240079365079365,0,CCA,AJ3B,0.00:CCA | 10.00:AJ3B | 20.00:AJ3B | 30.00:AJ3B | 40.00:AJ3B | 50.00:AJ3B | 60.00:AJ3B,
fixed,8,C_exit,C,40,97.65,-0.7389285714285714,0,ACA,ACA,0.00:ACA | 10.00:ACA | 20.00:ACA | 30.00:ACA | 40.00:ACA | 50.00:ACA | 60.00:ACA | 70.00:ACA | 80.00:ACA | 90.00:ACA,
ppo,8,C_exit,D,20,50.04,-0.3858703703703705,0,CCA,AJ3B,0.00:CCA | 10.00:AJ3B | 20.00:AJ3B | 30.00:AJ3B | 40.00:AJ3B | 50.00:AJ3B,
fixed,8,C_exit,D,20,52.83,-0.4087777777777778,0,ACA,ACA,0.00:ACA | 10.00:ACA | 20.00:ACA | 30.00:ACA | 40.00:ACA | 50.00:ACA,
ppo,8,C_exit,D,30,50.04,-0.38654700854700863,0,CCA,AJ3B,0.00:CCA | 10.00:AJ3B | 20.00:AJ3B | 30.00:AJ3B | 40.00:AJ3B | 50.00:AJ3B,
fixed,8,C_exit,D,30,52.83,-0.4088846153846154,0,ACA,ACA,0.00:ACA | 10.00:ACA | 20.00:ACA | 30.00:ACA | 40.00:ACA | 50.00:ACA,
ppo,8,C_exit,D,40,50.04,-0.3895079365079366,0,CCA,AJ3B,0.00:CCA | 10.00:AJ3B | 20.00:AJ3B | 30.00:AJ3B | 40.00:AJ3B | 50.00:AJ3B,
fixed,8,C_exit,D,40,52.83,-0.40897619047619044,0,ACA,ACA,0.00:ACA | 10.00:ACA | 20.00:ACA | 30.00:ACA | 40.00:ACA | 50.00:ACA,
ppo,8,B_route_08,A,20,54.02,-0.42557407407407416,0,CCA,CCA,0.00:CCA | 10.00:CCA | 20.00:AJ3A | 30.00:ACB | 40.00:ACB | 50.00:AJ1B,
fixed,8,B_route_08,A,20,67.16,-0.5268148148148148,0,ACA,ACA,0.00:ACA | 10.00:ACA | 20.00:ACA | 30.00:ACA | 40.00:ACA | 50.00:ACA | 60.00:ACA,
ppo,8,B_route_08,A,30,59.550000000000004,-0.4731410256410256,0,CCA,CCA,0.00:CCA | 10.00:CCA | 20.00:CCA | 30.00:AJ3A | 40.00:ACB | 50.00:AJ1B,
fixed,8,B_route_08,A,30,72.41,-0.5719358974358975,0,ACA,ACA,0.00:ACA | 10.00:ACA | 20.00:ACA | 30.00:ACA | 40.00:ACA | 50.00:ACA | 60.00:ACA | 70.00:ACA,
ppo,8,B_route_08,A,40,65.43,-0.517468253968254,0,CCA,CCA,0.00:CCA | 10.00:CCA | 20.00:CCA | 30.00:AJ3A | 40.00:ACB | 50.00:ACB | 60.00:AJ1B,
fixed,8,B_route_08,A,40,80.13,-0.6292936507936507,0,ACA,ACA,0.00:ACA | 10.00:ACA | 20.00:ACA | 30.00:ACA | 40.00:ACA | 50.00:ACA | 60.00:ACA | 70.00:ACA | 80.00:ACA,
ppo,8,B_route_08,B,20,45.42,-0.3713148148148149,0,CCA,CCA,0.00:CCA | 10.00:CCA | 20.00:CCA | 30.00:AJ3A | 40.00:CJ3B,
fixed,8,B_route_08,B,20,63.59,-0.5028148148148148,0,ACA,ACA,0.00:ACA | 10.00:ACA | 20.00:ACA | 30.00:ACA | 40.00:ACA | 50.00:ACA | 60.00:ACA,
ppo,8,B_route_08,B,30,51.160000000000004,-0.41200000000000003,0,CCA,CCA,0.00:CCA | 10.00:CCA | 20.00:CCA | 30.00:ACB | 40.00:AJ1B | 50.00:AJ1B,
fixed,8,B_route_08,B,30,70.65,-0.5591666666666667,0,ACA,ACA,0.00:ACA | 10.00:ACA | 20.00:ACA | 30.00:ACA | 40.00:ACA | 50.00:ACA | 60.00:ACA | 70.00:ACA,
ppo,8,B_route_08,B,40,58.72,-0.4643174603174603,0,CCA,CCA,0.00:CCA | 10.00:CCA | 20.00:CCA | 30.00:CCA | 40.00:ACB | 50.00:AJ1B,
fixed,8,B_route_08,B,40,78.09,-0.6179603174603174,0,ACA,ACA,0.00:ACA | 10.00:ACA | 20.00:ACA | 30.00:ACA | 40.00:ACA | 50.00:ACA | 60.00:ACA | 70.00:ACA,
ppo,8,B_route_08,C,20,49.120000000000005,-0.3951111111111112,0,CCA,CCA,0.00:CCA | 10.00:CCA | 20.00:AJ3B | 30.00:AJ3A | 40.00:AJ1B,
fixed,8,B_route_08,C,20,56.56,-0.4572777777777777,0,ACA,ACA,0.00:ACA | 10.00:ACA | 20.00:ACA | 30.00:ACA | 40.00:ACA | 50.00:ACA,
ppo,8,B_route_08,C,30,61.120000000000005,-0.47545299145299147,0,CCA,CCA,0.00:CCA | 10.00:CCA | 20.00:AJ3B | 30.00:ACB | 40.00:ACB | 50.00:AJ1B | 60.00:AJ1B,
fixed,8,B_route_08,C,30,62.4,-0.5017948717948717,0,ACA,ACA,0.00:ACA | 10.00:ACA | 20.00:ACA | 30.00:ACA | 40.00:ACA | 50.00:ACA | 60.00:ACA,
ppo,8,B_route_08,C,40,63.480000000000004,-0.4971111111111111,0,CCA,CCA,0.00:CCA | 10.00:CCA | 20.00:AJ3B | 30.00:AJ3A | 40.00:CCA | 50.00:AJ1B | 60.00:AJ1B,
fixed,8,B_route_08,C,40,69.60000000000001,-0.552936507936508,0,ACA,ACA,0.00:ACA | 10.00:ACA | 20.00:ACA | 30.00:ACA | 40.00:ACA | 50.00:ACA | 60.00:ACA,
ppo,8,B_route_08,D,20,43.71,-0.33912962962962967,0,CCA,CCA,0.00:CCA | 10.00:CCA | 20.00:AJ3A | 30.00:AJ3A | 40.00:AJ1B,
fixed,8,B_route_08,D,20,52.83,-0.4073888888888889,0,ACA,ACA,0.00:ACA | 10.00:ACA | 20.00:ACA | 30.00:ACA | 40.00:ACA | 50.00:ACA,
ppo,8,B_route_08,D,30,43.71,-0.34026923076923077,0,CCA,CCA,0.00:CCA | 10.00:CCA | 20.00:AJ3A | 30.00:AJ3A | 40.00:AJ1B,
fixed,8,B_route_08,D,30,52.83,-0.4071752136752137,0,ACA,ACA,0.00:ACA | 10.00:ACA | 20.00:ACA | 30.00:ACA | 40.00:ACA | 50.00:ACA,
ppo,8,B_route_08,D,40,43.71,-0.34124603174603174,0,CCA,CCA,0.00:CCA | 10.00:CCA | 20.00:AJ3A | 30.00:AJ3A | 40.00:AJ1B,
fixed,8,B_route_08,D,40,52.83,-0.40699206349206346,0,ACA,ACA,0.00:ACA | 10.00:ACA | 20.00:ACA | 30.00:ACA | 40.00:ACA | 50.00:ACA,
ppo,8,bottom_loop_left,A,20,54.02,-0.42557407407407416,0,CCA,CCA,0.00:CCA | 10.00:CCA | 20.00:ACJ1 | 30.00:ACJ1 | 40.00:CCA | 50.00:ACJ1,
fixed,8,bottom_loop_left,A,20,67.16,-0.5268148148148148,0,ACA,ACA,0.00:ACA | 10.00:ACA | 20.00:ACA | 30.00:ACA | 40.00:ACA | 50.00:ACA | 60.00:ACA,
ppo,8,bottom_loop_left,A,30,59.550000000000004,-0.47356837606837604,0,CCA,CCA,0.00:CCA | 10.00:CCA | 20.00:CCA | 30.00:ACJ1 | 40.00:ACJ1 | 50.00:ACJ1,
fixed,8,bottom_loop_left,A,30,72.41,-0.5719358974358975,0,ACA,ACA,0.00:ACA | 10.00:ACA | 20.00:ACA | 30.00:ACA | 40.00:ACA | 50.00:ACA | 60.00:ACA | 70.00:ACA,
ppo,8,bottom_loop_left,A,40,66.69,-0.5244682539682539,0,CCA,CCA,0.00:CCA | 10.00:CCA | 20.00:CCA | 30.00:ACJ1 | 40.00:ACJ1 | 50.00:CCA | 60.00:ACJ1,
fixed,8,bottom_loop_left,A,40,80.13,-0.6292936507936507,0,ACA,ACA,0.00:ACA | 10.00:ACA | 20.00:ACA | 30.00:ACA | 40.00:ACA | 50.00:ACA | 60.00:ACA | 70.00:ACA | 80.00:ACA,
ppo,8,bottom_loop_left,B,20,45.43,-0.3713703703703704,0,CCA,CCA,0.00:CCA | 10.00:CCA | 20.00:CCA | 30.00:ACJ1 | 40.00:ACJ1,
fixed,8,bottom_loop_left,B,20,63.59,-0.5028148148148148,0,ACA,ACA,0.00:ACA | 10.00:ACA | 20.00:ACA | 30.00:ACA | 40.00:ACA | 50.00:ACA | 60.00:ACA,
ppo,8,bottom_loop_left,B,30,51.160000000000004,-0.41200000000000003,0,CCA,CCA,0.00:CCA | 10.00:CCA | 20.00:CCA | 30.00:ACJ1 | 40.00:ACJ1 | 50.00:ACJ1,
fixed,8,bottom_loop_left,B,30,73.12,-0.575025641025641,0,ACA,ACA,0.00:ACA | 10.00:ACA | 20.00:ACA | 30.00:ACA | 40.00:ACA | 50.00:ACA | 60.00:ACA | 70.00:ACA,
ppo,8,bottom_loop_left,B,40,56.82,-0.4525714285714285,0,CCA,CCA,0.00:CCA | 10.00:CCA | 20.00:CCA | 30.00:CCA | 40.00:CCA | 50.00:ACJ1,
fixed,8,bottom_loop_left,B,40,79.65,-0.6282142857142857,0,ACA,ACA,0.00:ACA | 10.00:ACA | 20.00:ACA | 30.00:ACA | 40.00:ACA | 50.00:ACA | 60.00:ACA | 70.00:ACA,
ppo,8,bottom_loop_left,C,20,55.1,-0.43203703703703705,0,CCA,CCA,0.00:CCA | 10.00:CCA | 20.00:ACJ1 | 30.00:ACJ1 | 40.00:ACJ1 | 50.00:ACJ1,
fixed,8,bottom_loop_left,C,20,56.99,-0.46105555555555555,0,ACA,ACA,0.00:ACA | 10.00:ACA | 20.00:ACA | 30.00:ACA | 40.00:ACA | 50.00:ACA,
ppo,8,bottom_loop_left,C,30,63.28,-0.4912991452991453,0,CCA,CCA,0.00:CCA | 10.00:CCA | 20.00:ACJ1 | 30.00:ACJ1 | 40.00:ACJ1 | 50.00:ACJ1 | 60.00:ACJ1,
fixed,8,bottom_loop_left,C,30,65.06,-0.516145299145299,0,ACA,ACA,0.00:ACA | 10.00:ACA | 20.00:ACA | 30.00:ACA | 40.00:ACA | 50.00:ACA | 60.00:ACA,
ppo,8,bottom_loop_left,C,40,69.25,-0.5402777777777777,0,CCA,ACA,0.00:CCA | 10.00:ACA | 20.00:ACA | 30.00:ACJ1 | 40.00:ACJ1 | 50.00:ACJ1 | 60.00:ACJ1,
fixed,8,bottom_loop_left,C,40,70.58,-0.557984126984127,0,ACA,ACA,0.00:ACA | 10.00:ACA | 20.00:ACA | 30.00:ACA | 40.00:ACA | 50.00:ACA | 60.00:ACA | 70.00:ACA,
ppo,8,bottom_loop_left,D,20,43.72,-0.3396481481481482,0,CCA,CCA,0.00:CCA | 10.00:CCA | 20.00:ACJ1 | 30.00:ACJ1 | 40.00:ACJ1,
fixed,8,bottom_loop_left,D,20,52.83,-0.4078518518518518,0,ACA,ACA,0.00:ACA | 10.00:ACA | 20.00:ACA | 30.00:ACA | 40.00:ACA | 50.00:ACA,
ppo,8,bottom_loop_left,D,30,43.72,-0.34117948717948715,0,CCA,CCA,0.00:CCA | 10.00:CCA | 20.00:ACJ1 | 30.00:ACJ1 | 40.00:ACJ1,
fixed,8,bottom_loop_left,D,30,52.83,-0.40802991452991455,0,ACA,ACA,0.00:ACA | 10.00:ACA | 20.00:ACA | 30.00:ACA | 40.00:ACA | 50.00:ACA,
ppo,8,bottom_loop_left,D,40,43.72,-0.3413015873015873,0,CCA,CCA,0.00:CCA | 10.00:CCA | 20.00:ACJ1 | 30.00:ACJ1 | 40.00:ACJ1,
fixed,8,bottom_loop_left,D,40,52.83,-0.40699206349206346,0,ACA,ACA,0.00:ACA | 10.00:ACA | 20.00:ACA | 30.00:ACA | 40.00:ACA | 50.00:ACA,
ppo,9,C_exit,A,20,56.82,-0.4545555555555555,0,CCA,AJ3B,0.00:CCA | 10.00:AJ3B | 20.00:AJ3B | 30.00:AJ3B | 40.00:AJ3B | 50.00:AJ3B,
fixed,9,C_exit,A,20,64.6,-0.5093518518518518,0,ACA,ACA,0.00:ACA | 10.00:ACA | 20.00:ACA | 30.00:ACA | 40.00:ACA | 50.00:ACA | 60.00:ACA,
ppo,9,C_exit,A,30,68.54,-0.5354786324786325,0,CCA,AJ3B,0.00:CCA | 10.00:AJ3B | 20.00:AJ3B | 30.00:AJ3B | 40.00:AJ3B | 50.00:AJ3B | 60.00:AJ3B,
fixed,9,C_exit,A,30,73.75,-0.576388888888889,0,ACA,ACA,0.00:ACA | 10.00:ACA | 20.00:ACA | 30.00:ACA | 40.00:ACA | 50.00:ACA | 60.00:ACA | 70.00:ACA,
ppo,9,C_exit,A,40,72.59,-0.5703412698412699,0,CCA,AJ3B,0.00:CCA | 10.00:AJ3B | 20.00:AJ3B | 30.00:AJ3B | 40.00:AJ3B | 50.00:AJ3B | 60.00:AJ3B | 70.00:AJ3B,
fixed,9,C_exit,A,40,77.06,-0.6106507936507937,0,ACA,ACA,0.00:ACA | 10.00:ACA | 20.00:ACA | 30.00:ACA | 40.00:ACA | 50.00:ACA | 60.00:ACA | 70.00:ACA,
ppo,9,C_exit,B,20,58.54,-0.4705925925925926,0,CCA,ACA,0.00:CCA | 10.00:ACA | 20.00:AJ3B | 30.00:AJ3B | 40.00:AJ3B | 50.00:AJ3B,
fixed,9,C_exit,B,20,67.14,-0.5253148148148148,0,ACA,ACA,0.00:ACA | 10.00:ACA | 20.00:ACA | 30.00:ACA | 40.00:ACA | 50.00:ACA | 60.00:ACA,
ppo,9,C_exit,B,30,58.54,-0.48505128205128206,0,CCA,ACA,0.00:CCA | 10.00:ACA | 20.00:AJ3B | 30.00:AJ3B | 40.00:AJ3B | 50.00:AJ3B,
fixed,9,C_exit,B,30,73.17,-0.5735940170940171,0,ACA,ACA,0.00:ACA | 10.00:ACA | 20.00:ACA | 30.00:ACA | 40.00:ACA | 50.00:ACA | 60.00:ACA | 70.00:ACA,
ppo,9,C_exit,B,40,67.28,-0.5456031746031746,0,CCA,ACA,0.00:CCA | 10.00:ACA | 20.00:ACA | 30.00:AJ3B | 40.00:AJ3B | 50.00:AJ3B | 60.00:AJ3B,
fixed,9,C_exit,B,40,79.13,-0.6217539682539682,0,ACA,ACA,0.00:ACA | 10.00:ACA | 20.00:ACA | 30.00:ACA | 40.00:ACA | 50.00:ACA | 60.00:ACA | 70.00:ACA,
ppo,9,C_exit,C,20,50.77,-0.4149259259259259,0,CCA,AJ3B,0.00:CCA | 10.00:AJ3B | 20.00:AJ3B | 30.00:AJ3B | 40.00:AJ3B | 50.00:AJ3B,
fixed,9,C_exit,C,20,70.74,-0.542537037037037,0,ACA,ACA,0.00:ACA | 10.00:ACA | 20.00:ACA | 30.00:ACA | 40.00:ACA | 50.00:ACA | 60.00:ACA | 70.00:ACA,
ppo,9,C_exit,C,30,58.96,-0.4728547008547008,0,CCA,AJ3B,0.00:CCA | 10.00:AJ3B | 20.00:AJ3B | 30.00:AJ3B | 40.00:AJ3B | 50.00:AJ3B,
fixed,9,C_exit,C,30,83.58,-0.6335641025641026,0,ACA,ACA,0.00:ACA | 10.00:ACA | 20.00:ACA | 30.00:ACA | 40.00:ACA | 50.00:ACA | 60.00:ACA | 70.00:ACA | 80.00:ACA,
ppo,9,C_exit,C,40,68.01,-0.5365634920634921,0,CCA,AJ3B,0.00:CCA | 10.00:AJ3B | 20.00:AJ3B | 30.00:AJ3B | 40.00:AJ3B | 50.00:AJ3B | 60.00:AJ3B,
fixed,9,C_exit,C,40,96.61,-0.7279920634920635,0,ACA,ACA,0.00:ACA | 10.00:ACA | 20.00:ACA | 30.00:ACA | 40.00:ACA | 50.00:ACA | 60.00:ACA | 70.00:ACA | 80.00:ACA | 90.00:ACA,
ppo,9,C_exit,D,20,49.22,-0.38177777777777777,0,CCA,AJ3B,0.00:CCA | 10.00:AJ3B | 20.00:AJ3B | 30.00:AJ3B | 40.00:AJ3B,
fixed,9,C_exit,D,20,51.65,-0.3989814814814815,0,ACA,ACA,0.00:ACA | 10.00:ACA | 20.00:ACA | 30.00:ACA | 40.00:ACA | 50.00:ACA,
ppo,9,C_exit,D,30,49.22,-0.3807094017094017,0,CCA,AJ3B,0.00:CCA | 10.00:AJ3B | 20.00:AJ3B | 30.00:AJ3B | 40.00:AJ3B,
fixed,9,C_exit,D,30,51.65,-0.3976282051282052,0,ACA,ACA,0.00:ACA | 10.00:ACA | 20.00:ACA | 30.00:ACA | 40.00:ACA | 50.00:ACA,
ppo,9,C_exit,D,40,49.22,-0.38376190476190475,0,CCA,AJ3B,0.00:CCA | 10.00:AJ3B | 20.00:AJ3B | 30.00:AJ3B | 40.00:AJ3B,
fixed,9,C_exit,D,40,51.65,-0.3984523809523809,0,ACA,ACA,0.00:ACA | 10.00:ACA | 20.00:ACA | 30.00:ACA | 40.00:ACA | 50.00:ACA,
ppo,9,B_route_08,A,20,55.160000000000004,-0.4323703703703704,0,CCA,CCA,0.00:CCA | 10.00:CCA | 20.00:AJ3A | 30.00:ACB | 40.00:ACB | 50.00:AJ1B,
fixed,9,B_route_08,A,20,64.6,-0.507037037037037,0,ACA,ACA,0.00:ACA | 10.00:ACA | 20.00:ACA | 30.00:ACA | 40.00:ACA | 50.00:ACA | 60.00:ACA,
ppo,9,B_route_08,A,30,60.46,-0.4773418803418803,0,CCA,CCA,0.00:CCA | 10.00:CCA | 20.00:CCA | 30.00:AJ3A | 40.00:ACB | 50.00:AJ1B | 60.00:AJ1B,
fixed,9,B_route_08,A,30,73.75,-0.5742521367521368,0,ACA,ACA,0.00:ACA | 10.00:ACA | 20.00:ACA | 30.00:ACA | 40.00:ACA | 50.00:ACA | 60.00:ACA | 70.00:ACA,
ppo,9,B_route_08,A,40,68.45,-0.5346428571428572,0,CCA,CCA,0.00:CCA | 10.00:CCA | 20.00:CCA | 30.00:AJ3A | 40.00:ACB | 50.00:ACB | 60.00:AJ1B,
fixed,9,B_route_08,A,40,77.06,-0.6086666666666667,0,ACA,ACA,0.00:ACA | 10.00:ACA | 20.00:ACA | 30.00:ACA | 40.00:ACA | 50.00:ACA | 60.00:ACA | 70.00:ACA,
ppo,9,B_route_08,B,20,46.84,-0.3796666666666667,0,CCA,CCA,0.00:CCA | 10.00:CCA | 20.00:CCA | 30.00:AJ3A | 40.00:CJ3B,
fixed,9,B_route_08,B,20,67.14,-0.5229999999999999,0,ACA,ACA,0.00:ACA | 10.00:ACA | 20.00:ACA | 30.00:ACA | 40.00:ACA | 50.00:ACA | 60.00:ACA,
ppo,9,B_route_08,B,30,52.09,-0.41802136752136754,0,CCA,CCA,0.00:CCA | 10.00:CCA | 20.00:CCA | 30.00:ACB | 40.00:ACB | 50.00:AJ1B,
fixed,9,B_route_08,B,30,72.82000000000001,-0.569940170940171,0,ACA,ACA,0.00:ACA | 10.00:ACA | 20.00:ACA | 30.00:ACA | 40.00:ACA | 50.00:ACA | 60.00:ACA | 70.00:ACA,
ppo,9,B_route_08,B,40,57.730000000000004,-0.4600079365079365,0,CCA,CCA,0.00:CCA | 10.00:CCA | 20.00:CCA | 30.00:CCA | 40.00:ACB | 50.00:AJ1B,
fixed,9,B_route_08,B,40,84.8,-0.6588095238095237,0,ACA,ACA,0.00:ACA | 10.00:ACA | 20.00:ACA | 30.00:ACA | 40.00:ACA | 50.00:ACA | 60.00:ACA | 70.00:ACA | 80.00:ACA,
ppo,9,B_route_08,C,20,48.79,-0.3932777777777778,0,CCA,CCA,0.00:CCA | 10.00:CCA | 20.00:AJ3B | 30.00:AJ3A | 40.00:AJ1B,
fixed,9,B_route_08,C,20,56.69,-0.4524444444444444,0,ACA,ACA,0.00:ACA | 10.00:ACA | 20.00:ACA | 30.00:ACA | 40.00:ACA | 50.00:ACA,
ppo,9,B_route_08,C,30,54.42,-0.43566666666666665,0,CCA,CCA,0.00:CCA | 10.00:CCA | 20.00:AJ3B | 30.00:AJ3A | 40.00:ACB | 50.00:AJ1B,
fixed,9,B_route_08,C,30,61.660000000000004,-0.49127350427350425,0,ACA,ACA,0.00:ACA | 10.00:ACA | 20.00:ACA | 30.00:ACA | 40.00:ACA | 50.00:ACA | 60.00:ACA,
ppo,9,B_route_08,C,40,62.43,-0.49365873015873013,0,CCA,CCA,0.00:CCA | 10.00:CCA | 20.00:AJ3B | 30.00:ACB | 40.00:AJ3A | 50.00:AJ3A | 60.00:AJ1B,
fixed,9,B_route_08,C,40,71.15,-0.5583730158730159,0,ACA,ACA,0.00:ACA | 10.00:ACA | 20.00:ACA | 30.00:ACA | 40.00:ACA | 50.00:ACA | 60.00:ACA | 70.00:ACA,
ppo,9,B_route_08,D,20,40.64,-0.32299999999999995,0,CCA,CCA,0.00:CCA | 10.00:CCA | 20.00:AJ3A | 30.00:AJ3A | 40.00:AJ1B,
fixed,9,B_route_08,D,20,51.65,-0.39666666666666667,0,ACA,ACA,0.00:ACA | 10.00:ACA | 20.00:ACA | 30.00:ACA | 40.00:ACA | 50.00:ACA,
ppo,9,B_route_08,D,30,40.64,-0.32278632478632474,0,CCA,CCA,0.00:CCA | 10.00:CCA | 20.00:AJ3A | 30.00:AJ3A | 40.00:AJ1B,
fixed,9,B_route_08,D,30,51.65,-0.39549145299145294,0,ACA,ACA,0.00:ACA | 10.00:ACA | 20.00:ACA | 30.00:ACA | 40.00:ACA | 50.00:ACA,
ppo,9,B_route_08,D,40,40.64,-0.32419047619047614,0,CCA,CCA,0.00:CCA | 10.00:CCA | 20.00:AJ3A | 30.00:AJ3A | 40.00:AJ1B,
fixed,9,B_route_08,D,40,51.65,-0.3960714285714285,0,ACA,ACA,0.00:ACA | 10.00:ACA | 20.00:ACA | 30.00:ACA | 40.00:ACA | 50.00:ACA,
ppo,9,bottom_loop_left,A,20,55.160000000000004,-0.4323703703703704,0,CCA,CCA,0.00:CCA | 10.00:CCA | 20.00:ACJ1 | 30.00:ACJ1 | 40.00:CCA | 50.00:ACJ1,
fixed,9,bottom_loop_left,A,20,64.6,-0.507037037037037,0,ACA,ACA,0.00:ACA | 10.00:ACA | 20.00:ACA | 30.00:ACA | 40.00:ACA | 50.00:ACA | 60.00:ACA,
ppo,9,bottom_loop_left,A,30,59.82,-0.47335897435897434,0,CCA,CCA,0.00:CCA | 10.00:CCA | 20.00:CCA | 30.00:ACJ1 | 40.00:ACJ1 | 50.00:ACJ1,
fixed,9,bottom_loop_left,A,30,73.75,-0.5742521367521368,0,ACA,ACA,0.00:ACA | 10.00:ACA | 20.00:ACA | 30.00:ACA | 40.00:ACA | 50.00:ACA | 60.00:ACA | 70.00:ACA,
ppo,9,bottom_loop_left,A,40,67.24,-0.5283174603174603,0,CCA,CCA,0.00:CCA | 10.00:CCA | 20.00:CCA | 30.00:ACJ1 | 40.00:CCA | 50.00:ACJ1 | 60.00:ACJ1,
fixed,9,bottom_loop_left,A,40,77.06,-0.6086666666666667,0,ACA,ACA,0.00:ACA | 10.00:ACA | 20.00:ACA | 30.00:ACA | 40.00:ACA | 50.00:ACA | 60.00:ACA | 70.00:ACA,
ppo,9,bottom_loop_left,B,20,46.84,-0.3796666666666667,0,CCA,CCA,0.00:CCA | 10.00:CCA | 20.00:CCA | 30.00:ACJ1 | 40.00:ACJ1,
fixed,9,bottom_loop_left,B,20,67.14,-0.5229999999999999,0,ACA,ACA,0.00:ACA | 10.00:ACA | 20.00:ACA | 30.00:ACA | 40.00:ACA | 50.00:ACA | 60.00:ACA,
ppo,9,bottom_loop_left,B,30,52.07,-0.4179102564102564,0,CCA,CCA,0.00:CCA | 10.00:CCA | 20.00:CCA | 30.00:ACJ1 | 40.00:ACJ1 | 50.00:ACJ1,
fixed,9,bottom_loop_left,B,30,73.17,-0.571457264957265,0,ACA,ACA,0.00:ACA | 10.00:ACA | 20.00:ACA | 30.00:ACA | 40.00:ACA | 50.00:ACA | 60.00:ACA | 70.00:ACA,
ppo,9,bottom_loop_left,B,40,58.25,-0.46249999999999997,0,CCA,CCA,0.00:CCA | 10.00:CCA | 20.00:CCA | 30.00:CCA | 40.00:CCA | 50.00:ACJ1,
fixed,9,bottom_loop_left,B,40,79.13,-0.6197698412698412,0,ACA,ACA,0.00:ACA | 10.00:ACA | 20.00:ACA | 30.00:ACA | 40.00:ACA | 50.00:ACA | 60.00:ACA | 70.00:ACA,
ppo,9,bottom_loop_left,C,20,54.54,-0.42892592592592593,0,CCA,CCA,0.00:CCA | 10.00:CCA | 20.00:ACJ1 | 30.00:ACJ1 | 40.00:ACJ1 | 50.00:ACJ1,
fixed,9,bottom_loop_left,C,20,53.84,-0.43614814814814823,0,ACA,ACA,0.00:ACA | 10.00:ACA | 20.00:ACA | 30.00:ACA | 40.00:ACA | 50.00:ACA,
ppo,9,bottom_loop_left,C,30,60.64,-0.47620512820512817,0,CCA,CCA,0.00:CCA | 10.00:CCA | 20.00:ACJ1 | 30.00:ACJ1 | 40.00:ACJ1 | 50.00:ACJ1 | 60.00:ACJ1,
fixed,9,bottom_loop_left,C,30,63.230000000000004,-0.5004230769230769,0,ACA,ACA,0.00:ACA | 10.00:ACA | 20.00:ACA | 30.00:ACA | 40.00:ACA | 50.00:ACA | 60.00:ACA,
ppo,9,bottom_loop_left,C,40,69.64,-0.544031746031746,0,CCA,ACA,0.00:CCA | 10.00:ACA | 20.00:ACA | 30.00:ACJ1 | 40.00:ACJ1 | 50.00:ACJ1 | 60.00:ACJ1,
fixed,9,bottom_loop_left,C,40,71.97,-0.5629285714285714,0,ACA,ACA,0.00:ACA | 10.00:ACA | 20.00:ACA | 30.00:ACA | 40.00:ACA | 50.00:ACA | 60.00:ACA | 70.00:ACA,
ppo,9,bottom_loop_left,D,20,40.64,-0.32299999999999995,0,CCA,CCA,0.00:CCA | 10.00:CCA | 20.00:ACJ1 | 30.00:ACJ1 | 40.00:ACJ1,
fixed,9,bottom_loop_left,D,20,51.65,-0.39666666666666667,0,ACA,ACA,0.00:ACA | 10.00:ACA | 20.00:ACA | 30.00:ACA | 40.00:ACA | 50.00:ACA,
ppo,9,bottom_loop_left,D,30,40.64,-0.32321367521367517,0,CCA,CCA,0.00:CCA | 10.00:CCA | 20.00:ACJ1 | 30.00:ACJ1 | 40.00:ACJ1,
fixed,9,bottom_loop_left,D,30,51.65,-0.39591880341880337,0,ACA,ACA,0.00:ACA | 10.00:ACA | 20.00:ACA | 30.00:ACA | 40.00:ACA | 50.00:ACA,
ppo,9,bottom_loop_left,D,40,40.64,-0.32419047619047614,0,CCA,CCA,0.00:CCA | 10.00:CCA | 20.00:ACJ1 | 30.00:ACJ1 | 40.00:ACJ1,
fixed,9,bottom_loop_left,D,40,51.65,-0.3960714285714285,0,ACA,ACA,0.00:ACA | 10.00:ACA | 20.00:ACA | 30.00:ACA | 40.00:ACA | 50.00:ACA,
