incident,pre_policy,post_policy,route_class,seed,elapsed_time,remaining_agents,episode_reward,error
B_route_08,CCA,ACB,C-route,1,70.17,0,-0.5441984126984126,
B_route_08,CCA,ACB,C-route,2,67.78,0,-0.5265555555555556,
B_route_08,CCA,ACB,C-route,3,70.42,0,-0.5463809523809523,
B_route_08,CCA,ACB,C-route,4,74.34,0,-0.5689523809523809,
B_route_08,CCA,AJ3B,B-route,1,90.97,0,-0.6752301587301587,
B_route_08,CCA,AJ3B,B-route,2,94.01,0,-0.6968809523809524,
B_route_08,CCA,AJ3B,B-route,3,90.26,0,-0.6724761904761904,
B_route_08,CCA,AJ3B,B-route,4,89.8,0,-0.6679365079365078,
B_route_08,CCA,CCA,C-route,1,73.08,0,-0.5706825396825397,
B_route_08,CCA,CCA,C-route,2,71.74,0,-0.5596666666666665,
B_route_08,CCA,CCA,C-route,3,72.54,0,-0.5664920634920636,
B_route_08,CCA,CCA,C-route,4,72.28,0,-0.5698095238095239,
B_route_08,CCA,CJ3A,A-route,1,68.14,0,-0.5313333333333333,
B_route_08,CCA,CJ3A,A-route,2,65.12,0,-0.5105873015873016,
B_route_08,CCA,CJ3A,A-route,3,66.9,0,-0.5212698412698412,
B_route_08,CCA,CJ3A,A-route,4,65.22,0,-0.5127301587301587,
C_exit,CCA,ACB,C-route,1,113.87,0,-0.8516587301587302,
C_exit,CCA,ACB,C-route,2,115.51,0,-0.8623571428571428,
C_exit,CCA,ACB,C-route,3,113.35000000000001,0,-0.8523412698412698,
C_exit,CCA,ACB,C-route,4,110.8,0,-0.8314285714285714,
C_exit,CCA,AJ3B,B-route,1,66.04,0,-0.5204603174603175,
C_exit,CCA,AJ3B,B-route,2,65.76,0,-0.5185079365079366,
C_exit,CCA,AJ3B,B-route,3,65.32000000000001,0,-0.5204285714285715,
C_exit,CCA,AJ3B,B-route,4,66.12,0,-0.5240793650793651,
C_exit,CCA,CCA,C-route,1,180.0,83,-1.6218253968253962,
C_exit,CCA,CCA,C-route,2,180.0,72,-1.5646825396825395,
C_exit,CCA,CCA,C-route,3,180.0,76,-1.5841269841269838,
C_exit,CCA,CCA,C-route,4,180.0,65,-1.5273809523809523,
C_exit,CCA,CJ3A,A-route,1,87.09,0,-0.6786746031746033,
C_exit,CCA,CJ3A,A-route,2,86.33,0,-0.6716746031746031,
C_exit,CCA,CJ3A,A-route,3,90.01,0,-0.6964841269841271,
C_exit,CCA,CJ3A,A-route,4,88.92,0,-0.6892380952380953,
bottom_loop_left,CCA,ACA,C-route,1,69.02,0,-0.5397936507936507,
bottom_loop_left,CCA,ACA,C-route,2,69.62,0,-0.5431269841269841,
bottom_loop_left,CCA,ACA,C-route,3,69.3,0,-0.5429365079365079,
bottom_loop_left,CCA,ACA,C-route,4,68.28,0,-0.536079365079365,
bottom_loop_left,CCA,ACB,C-route,1,69.02,0,-0.5362222222222222,
bottom_loop_left,CCA,ACB,C-route,2,69.62,0,-0.5375714285714286,
bottom_loop_left,CCA,ACB,C-route,3,69.3,0,-0.5401587301587302,
bottom_loop_left,CCA,ACB,C-route,4,68.28,0,-0.5333015873015873,
bottom_loop_left,CCA,ACJ1,C-route,1,69.02,0,-0.5401904761904761,
bottom_loop_left,CCA,ACJ1,C-route,2,69.62,0,-0.5435238095238095,
bottom_loop_left,CCA,ACJ1,C-route,3,69.3,0,-0.5437301587301587,
bottom_loop_left,CCA,ACJ1,C-route,4,68.28,0,-0.5368730158730158,
bottom_loop_left,CCA,AJ3B,B-route,1,84.72,0,-0.6464603174603175,
bottom_loop_left,CCA,AJ3B,B-route,2,80.5,0,-0.6162698412698413,
bottom_loop_left,CCA,AJ3B,B-route,3,85.64,0,-0.6559365079365079,
bottom_loop_left,CCA,AJ3B,B-route,4,83.17,0,-0.6342777777777778,
bottom_loop_left,CCA,CCA,C-route,1,72.99,0,-0.5701825396825397,
bottom_loop_left,CCA,CCA,C-route,2,72.69,0,-0.5661349206349207,
bottom_loop_left,CCA,CCA,C-route,3,72.85000000000001,0,-0.5682142857142858,
bottom_loop_left,CCA,CCA,C-route,4,70.5,0,-0.5583333333333333,
bottom_loop_left,CCA,CJ3A,A-route,1,93.58,0,-0.7155238095238095,
bottom_loop_left,CCA,CJ3A,A-route,2,92.87,0,-0.7060238095238095,
bottom_loop_left,CCA,CJ3A,A-route,3,94.35000000000001,0,-0.7158333333333333,
bottom_loop_left,CCA,CJ3A,A-route,4,91.27,0,-0.7011031746031745,
