action,policy,J1,J2,J3,nominal_C_route,nominal_C_exit
0,ACB,A,C,B,J2>C,C
1,ACJ1,A,C,J1,J2>C,C
2,ACJ2,A,C,J2,J2>C,C
3,ACA,A,C,A,J2>C,C
4,AJ1B,A,J1,B,J2>J1>A,A
5,AJ1J1,A,J1,J1,J2>J1>A,A
6,AJ1J2,A,J1,J2,J2>J1>A,A
7,AJ1A,A,J1,A,J2>J1>A,A
8,AJ3B,A,J3,B,J2>J3>B,B
9,AJ3J1,A,J3,J1,J2>J3>J1>A,A
10,AJ3A,A,J3,A,J2>J3>A,A
11,CCB,C,C,B,J2>C,C
12,CCJ1,C,C,J1,J2>C,C
13,CCJ2,C,C,J2,J2>C,C
14,CCA,C,C,A,J2>C,C
15,CJ1B,C,J1,B,J2>J1>C,C
16,CJ1J1,C,J1,J1,J2>J1>C,C
17,CJ1J2,C,J1,J2,J2>J1>C,C
18,CJ1A,C,J1,A,J2>J1>C,C
19,CJ3B,C,J3,B,J2>J3>B,B
20,CJ3J1,C,J3,J1,J2>J3>J1>C,C
21,CJ3A,C,J3,A,J2>J3>A,A
22,J2CB,J2,C,B,J2>C,C
23,J2CJ1,J2,C,J1,J2>C,C
24,J2CJ2,J2,C,J2,J2>C,C
25,J2CA,J2,C,A,J2>C,C
26,J2J3B,J2,J3,B,J2>J3>B,B
27,J2J3A,J2,J3,A,J2>J3>A,A
28,J3CB,J3,C,B,J2>C,C
29,J3CJ2,J3,C,J2,J2>C,C
30,J3CA,J3,C,A,J2>C,C
31,J3J1B,J3,J1,B,J2>J1>J3>B,B
32,J3J1A,J3,J1,A,J2>J1>J3>A,A
33,J3J3B,J3,J3,B,J2>J3>B,B
34,J3J3A,J3,J3,A,J2>J3>A,A
