incident,bounds,pre_policy,post_policy,post_action,seed,elapsed_time,remaining_agents,episode_reward,steps,error
bottom_loop_left_x8p40,"(8.4, 17.0, 8.45, 19.0)",CCA,ACA,3,0,69.81,0,-0.5457698412698413,7,
bottom_loop_left_x8p40,"(8.4, 17.0, 8.45, 19.0)",CCA,ACA,3,1,70.97,0,-0.5518174603174603,8,
bottom_loop_left_x8p40,"(8.4, 17.0, 8.45, 19.0)",CCA,ACA,3,2,69.69,0,-0.5423253968253968,7,
bottom_loop_left_x8p40,"(8.4, 17.0, 8.45, 19.0)",CCA,ACA,3,3,70.41,0,-0.5487063492063491,8,
bottom_loop_left_x8p40,"(8.4, 17.0, 8.45, 19.0)",CCA,ACA,3,4,69.87,0,-0.544515873015873,7,
bottom_loop_left_x8p40,"(8.4, 17.0, 8.45, 19.0)",CCA,ACB,0,0,69.81,0,-0.5414047619047618,7,
bottom_loop_left_x8p40,"(8.4, 17.0, 8.45, 19.0)",CCA,ACB,0,1,70.97,0,-0.5482460317460317,8,
bottom_loop_left_x8p40,"(8.4, 17.0, 8.45, 19.0)",CCA,ACB,0,2,69.69,0,-0.5363730158730158,7,
bottom_loop_left_x8p40,"(8.4, 17.0, 8.45, 19.0)",CCA,ACB,0,3,70.41,0,-0.5467222222222221,8,
bottom_loop_left_x8p40,"(8.4, 17.0, 8.45, 19.0)",CCA,ACB,0,4,69.87,0,-0.5417380952380952,7,
bottom_loop_left_x8p40,"(8.4, 17.0, 8.45, 19.0)",CCA,ACJ1,1,0,69.81,0,-0.5453730158730159,7,
bottom_loop_left_x8p40,"(8.4, 17.0, 8.45, 19.0)",CCA,ACJ1,1,1,70.97,0,-0.5522142857142857,8,
bottom_loop_left_x8p40,"(8.4, 17.0, 8.45, 19.0)",CCA,ACJ1,1,2,69.69,0,-0.5419285714285714,7,
bottom_loop_left_x8p40,"(8.4, 17.0, 8.45, 19.0)",CCA,ACJ1,1,3,70.41,0,-0.5494999999999999,8,
bottom_loop_left_x8p40,"(8.4, 17.0, 8.45, 19.0)",CCA,ACJ1,1,4,69.87,0,-0.5453095238095238,7,
bottom_loop_left_x8p40,"(8.4, 17.0, 8.45, 19.0)",CCA,AJ3B,8,0,85.22,0,-0.6476507936507937,9,
bottom_loop_left_x8p40,"(8.4, 17.0, 8.45, 19.0)",CCA,AJ3B,8,1,83.89,0,-0.6398650793650794,9,
bottom_loop_left_x8p40,"(8.4, 17.0, 8.45, 19.0)",CCA,AJ3B,8,2,78.09,0,-0.5997063492063492,8,
bottom_loop_left_x8p40,"(8.4, 17.0, 8.45, 19.0)",CCA,AJ3B,8,3,87.18,0,-0.6656825396825398,9,
bottom_loop_left_x8p40,"(8.4, 17.0, 8.45, 19.0)",CCA,AJ3B,8,4,81.41,0,-0.6233095238095239,9,
bottom_loop_left_x8p40,"(8.4, 17.0, 8.45, 19.0)",CCA,CCA,14,0,71.72,0,-0.5643174603174603,8,
bottom_loop_left_x8p40,"(8.4, 17.0, 8.45, 19.0)",CCA,CCA,14,1,71.98,0,-0.5645714285714286,8,
bottom_loop_left_x8p40,"(8.4, 17.0, 8.45, 19.0)",CCA,CCA,14,2,70.8,0,-0.5524603174603174,8,
bottom_loop_left_x8p40,"(8.4, 17.0, 8.45, 19.0)",CCA,CCA,14,3,70.09,0,-0.5520873015873017,8,
bottom_loop_left_x8p40,"(8.4, 17.0, 8.45, 19.0)",CCA,CCA,14,4,72.13,0,-0.5681825396825397,8,
bottom_loop_left_x8p40,"(8.4, 17.0, 8.45, 19.0)",CCA,CJ3A,21,0,92.2,0,-0.7054761904761905,10,
bottom_loop_left_x8p40,"(8.4, 17.0, 8.45, 19.0)",CCA,CJ3A,21,1,93.2,0,-0.7126190476190476,10,
bottom_loop_left_x8p40,"(8.4, 17.0, 8.45, 19.0)",CCA,CJ3A,21,2,91.7,0,-0.697936507936508,10,
bottom_loop_left_x8p40,"(8.4, 17.0, 8.45, 19.0)",CCA,CJ3A,21,3,91.27,0,-0.6979285714285713,10,
bottom_loop_left_x8p40,"(8.4, 17.0, 8.45, 19.0)",CCA,CJ3A,21,4,92.33,0,-0.7077857142857142,10,
