cut,bounds,policy_action,pre_policy,seed,snapshot_time,agents_present,center_hits,body_intersections_r0p2,nearby_within_0p4,center_hit_ids,body_hit_ids,nearby_ids,switch_error
lower_x_8p40,"(8.4, 17.0, 8.450000000000001, 19.0)",1,ACJ1,1,10.0,82,0,0,0,,,,
lower_x_8p40,"(8.4, 17.0, 8.450000000000001, 19.0)",1,ACJ1,3,10.0,84,0,0,0,,,,
lower_x_8p40,"(8.4, 17.0, 8.450000000000001, 19.0)",0,ACB,1,10.0,82,0,0,0,,,,
lower_x_8p40,"(8.4, 17.0, 8.450000000000001, 19.0)",1,ACJ1,2,10.0,81,0,0,0,,,,
lower_x_8p40,"(8.4, 17.0, 8.450000000000001, 19.0)",2,ACJ2,0,10.0,82,0,0,1,,,45,
lower_x_8p40,"(8.4, 17.0, 8.450000000000001, 19.0)",0,ACB,0,10.0,82,0,0,0,,,,
lower_x_8p40,"(8.4, 17.0, 8.450000000000001, 19.0)",1,ACJ1,4,10.0,83,0,0,0,,,,
lower_x_8p40,"(8.4, 17.0, 8.450000000000001, 19.0)",1,ACJ1,0,10.0,82,0,0,0,,,,
lower_x_8p40,"(8.4, 17.0, 8.450000000000001, 19.0)",0,ACB,2,10.0,81,0,0,0,,,,
lower_x_8p40,"(8.4, 17.0, 8.450000000000001, 19.0)",0,ACB,4,10.0,83,0,0,0,,,,
lower_x_8p40,"(8.4, 17.0, 8.450000000000001, 19.0)",0,ACB,3,10.0,84,0,0,0,,,,
lower_x_8p40,"(8.4, 17.0, 8.450000000000001, 19.0)",2,ACJ2,1,10.0,82,0,1,1,,246,246,
lower_x_8p40,"(8.4, 17.0, 8.450000000000001, 19.0)",2,ACJ2,2,10.0,81,0,0,1,,,254,
lower_x_8p40,"(8.4, 17.0, 8.450000000000001, 19.0)",3,ACA,0,10.0,82,0,0,0,,,,
lower_x_8p40,"(8.4, 17.0, 8.450000000000001, 19.0)",3,ACA,1,10.0,82,0,0,0,,,,
lower_x_8p40,"(8.4, 17.0, 8.450000000000001, 19.0)",3,ACA,2,10.0,81,0,0,0,,,,
lower_x_8p40,"(8.4, 17.0, 8.450000000000001, 19.0)",2,ACJ2,3,10.0,84,0,0,1,,,243,
lower_x_8p40,"(8.4, 17.0, 8.450000000000001, 19.0)",3,ACA,4,10.0,83,0,0,0,,,,
lower_x_8p40,"(8.4, 17.0, 8.450000000000001, 19.0)",2,ACJ2,4,10.0,83,0,0,1,,,255,
lower_x_8p40,"(8.4, 17.0, 8.450000000000001, 19.0)",3,ACA,3,10.0,84,0,0,0,,,,
lower_x_8p40,"(8.4, 17.0, 8.450000000000001, 19.0)",4,AJ1B,1,10.0,82,0,0,0,,,,
lower_x_8p40,"(8.4, 17.0, 8.450000000000001, 19.0)",4,AJ1B,0,10.0,82,0,0,0,,,,
lower_x_8p40,"(8.4, 17.0, 8.450000000000001, 19.0)",5,AJ1J1,1,10.0,82,0,0,0,,,,
lower_x_8p40,"(8.4, 17.0, 8.450000000000001, 19.0)",5,AJ1J1,0,10.0,82,0,0,0,,,,
lower_x_8p40,"(8.4, 17.0, 8.450000000000001, 19.0)",4,AJ1B,2,10.0,81,0,0,0,,,,
lower_x_8p40,"(8.4, 17.0, 8.450000000000001, 19.0)",5,AJ1J1,2,10.0,81,0,0,0,,,,
lower_x_8p40,"(8.4, 17.0, 8.450000000000001, 19.0)",4,AJ1B,3,10.0,84,0,0,0,,,,
lower_x_8p40,"(8.4, 17.0, 8.450000000000001, 19.0)",5,AJ1J1,3,10.0,84,0,0,0,,,,
lower_x_8p40,"(8.4, 17.0, 8.450000000000001, 19.0)",4,AJ1B,4,10.0,83,0,0,0,,,,
lower_x_8p40,"(8.4, 17.0, 8.450000000000001, 19.0)",5,AJ1J1,4,10.0,83,0,0,0,,,,
lower_x_8p40,"(8.4, 17.0, 8.450000000000001, 19.0)",6,AJ1J2,1,10.0,82,0,1,1,,446,446,
lower_x_8p40,"(8.4, 17.0, 8.450000000000001, 19.0)",6,AJ1J2,2,10.0,81,0,0,1,,,454,
lower_x_8p40,"(8.4, 17.0, 8.450000000000001, 19.0)",6,AJ1J2,0,10.0,82,0,0,1,,,445,
lower_x_8p40,"(8.4, 17.0, 8.450000000000001, 19.0)",7,AJ1A,1,10.0,82,0,0,0,,,,
lower_x_8p40,"(8.4, 17.0, 8.450000000000001, 19.0)",7,AJ1A,0,10.0,82,0,0,0,,,,
lower_x_8p40,"(8.4, 17.0, 8.450000000000001, 19.0)",6,AJ1J2,4,10.0,83,0,0,1,,,655,
lower_x_8p40,"(8.4, 17.0, 8.450000000000001, 19.0)",7,AJ1A,2,10.0,81,0,0,0,,,,
lower_x_8p40,"(8.4, 17.0, 8.450000000000001, 19.0)",6,AJ1J2,3,10.0,84,0,0,1,,,643,
lower_x_8p40,"(8.4, 17.0, 8.450000000000001, 19.0)",7,AJ1A,4,10.0,83,0,0,0,,,,
lower_x_8p40,"(8.4, 17.0, 8.450000000000001, 19.0)",7,AJ1A,3,10.0,84,0,0,0,,,,
lower_x_8p40,"(8.4, 17.0, 8.450000000000001, 19.0)",8,AJ3B,0,10.0,82,0,0,2,,,666|676,
lower_x_8p40,"(8.4, 17.0, 8.450000000000001, 19.0)",8,AJ3B,1,10.0,82,0,0,1,,,677,
lower_x_8p40,"(8.4, 17.0, 8.450000000000001, 19.0)",8,AJ3B,2,10.0,81,0,1,1,,669,669,
lower_x_8p40,"(8.4, 17.0, 8.450000000000001, 19.0)",8,AJ3B,3,10.0,84,0,0,1,,,677,
lower_x_8p40,"(8.4, 17.0, 8.450000000000001, 19.0)",9,AJ3J1,0,10.0,82,0,0,1,,,866,
lower_x_8p40,"(8.4, 17.0, 8.450000000000001, 19.0)",9,AJ3J1,1,10.0,82,0,0,1,,,877,
lower_x_8p40,"(8.4, 17.0, 8.450000000000001, 19.0)",9,AJ3J1,2,10.0,81,0,1,1,,869,869,
lower_x_8p40,"(8.4, 17.0, 8.450000000000001, 19.0)",9,AJ3J1,3,10.0,84,0,0,1,,,877,
lower_x_8p40,"(8.4, 17.0, 8.450000000000001, 19.0)",8,AJ3B,4,10.0,83,0,0,0,,,,
lower_x_8p40,"(8.4, 17.0, 8.450000000000001, 19.0)",10,AJ3A,0,10.0,82,0,0,2,,,866|876,
lower_x_8p40,"(8.4, 17.0, 8.450000000000001, 19.0)",10,AJ3A,1,10.0,82,0,0,1,,,877,
lower_x_8p40,"(8.4, 17.0, 8.450000000000001, 19.0)",9,AJ3J1,4,10.0,83,0,0,0,,,,
lower_x_8p40,"(8.4, 17.0, 8.450000000000001, 19.0)",10,AJ3A,2,10.0,81,0,1,1,,869,869,
lower_x_8p40,"(8.4, 17.0, 8.450000000000001, 19.0)",10,AJ3A,3,10.0,84,0,0,1,,,877,
lower_x_8p40,"(8.4, 17.0, 8.450000000000001, 19.0)",10,AJ3A,4,10.0,83,0,0,0,,,,
lower_x_8p40,"(8.4, 17.0, 8.450000000000001, 19.0)",11,CCB,1,10.0,82,0,0,0,,,,
lower_x_8p40,"(8.4, 17.0, 8.450000000000001, 19.0)",11,CCB,2,10.0,81,0,0,0,,,,
lower_x_8p40,"(8.4, 17.0, 8.450000000000001, 19.0)",11,CCB,0,10.0,82,0,0,0,,,,
lower_x_8p40,"(8.4, 17.0, 8.450000000000001, 19.0)",11,CCB,3,10.0,84,0,0,0,,,,
lower_x_8p40,"(8.4, 17.0, 8.450000000000001, 19.0)",12,CCJ1,0,10.0,82,0,0,0,,,,
lower_x_8p40,"(8.4, 17.0, 8.450000000000001, 19.0)",11,CCB,4,10.0,83,0,0,0,,,,
lower_x_8p40,"(8.4, 17.0, 8.450000000000001, 19.0)",12,CCJ1,2,10.0,81,0,0,0,,,,
lower_x_8p40,"(8.4, 17.0, 8.450000000000001, 19.0)",12,CCJ1,1,10.0,82,0,0,0,,,,
lower_x_8p40,"(8.4, 17.0, 8.450000000000001, 19.0)",12,CCJ1,4,10.0,83,0,0,0,,,,
lower_x_8p40,"(8.4, 17.0, 8.450000000000001, 19.0)",12,CCJ1,3,10.0,84,0,0,0,,,,
lower_x_8p40,"(8.4, 17.0, 8.450000000000001, 19.0)",13,CCJ2,0,10.0,82,0,0,1,,,1045,
lower_x_8p40,"(8.4, 17.0, 8.450000000000001, 19.0)",13,CCJ2,1,10.0,82,0,1,1,,1246,1246,
lower_x_8p40,"(8.4, 17.0, 8.450000000000001, 19.0)",13,CCJ2,2,10.0,81,0,0,1,,,1254,
lower_x_8p40,"(8.4, 17.0, 8.450000000000001, 19.0)",13,CCJ2,3,10.0,84,0,0,1,,,1243,
lower_x_8p40,"(8.4, 17.0, 8.450000000000001, 19.0)",14,CCA,1,10.0,82,0,0,0,,,,
lower_x_8p40,"(8.4, 17.0, 8.450000000000001, 19.0)",13,CCJ2,4,10.0,83,0,0,1,,,1255,
lower_x_8p40,"(8.4, 17.0, 8.450000000000001, 19.0)",14,CCA,0,10.0,82,0,0,0,,,,
lower_x_8p40,"(8.4, 17.0, 8.450000000000001, 19.0)",14,CCA,2,10.0,81,0,0,0,,,,
lower_x_8p40,"(8.4, 17.0, 8.450000000000001, 19.0)",14,CCA,3,10.0,84,0,0,0,,,,
lower_x_8p40,"(8.4, 17.0, 8.450000000000001, 19.0)",14,CCA,4,10.0,83,0,0,0,,,,
lower_x_8p40,"(8.4, 17.0, 8.450000000000001, 19.0)",15,CJ1B,0,10.0,82,0,0,0,,,,
lower_x_8p40,"(8.4, 17.0, 8.450000000000001, 19.0)",15,CJ1B,1,10.0,82,0,0,0,,,,
lower_x_8p40,"(8.4, 17.0, 8.450000000000001, 19.0)",15,CJ1B,2,10.0,81,0,0,0,,,,
lower_x_8p40,"(8.4, 17.0, 8.450000000000001, 19.0)",16,CJ1J1,0,10.0,82,0,0,0,,,,
lower_x_8p40,"(8.4, 17.0, 8.450000000000001, 19.0)",15,CJ1B,3,10.0,84,0,0,0,,,,
lower_x_8p40,"(8.4, 17.0, 8.450000000000001, 19.0)",16,CJ1J1,1,10.0,82,0,0,0,,,,
lower_x_8p40,"(8.4, 17.0, 8.450000000000001, 19.0)",15,CJ1B,4,10.0,83,0,0,0,,,,
lower_x_8p40,"(8.4, 17.0, 8.450000000000001, 19.0)",16,CJ1J1,2,10.0,81,0,0,0,,,,
lower_x_8p40,"(8.4, 17.0, 8.450000000000001, 19.0)",16,CJ1J1,3,10.0,84,0,0,0,,,,
lower_x_8p40,"(8.4, 17.0, 8.450000000000001, 19.0)",16,CJ1J1,4,10.0,83,0,0,0,,,,
lower_x_8p40,"(8.4, 17.0, 8.450000000000001, 19.0)",17,CJ1J2,0,10.0,82,0,0,1,,,1445,
lower_x_8p40,"(8.4, 17.0, 8.450000000000001, 19.0)",17,CJ1J2,1,10.0,82,0,1,1,,1446,1446,
lower_x_8p40,"(8.4, 17.0, 8.450000000000001, 19.0)",17,CJ1J2,2,10.0,81,0,0,1,,,1454,
lower_x_8p40,"(8.4, 17.0, 8.450000000000001, 19.0)",17,CJ1J2,3,10.0,84,0,0,1,,,1643,
lower_x_8p40,"(8.4, 17.0, 8.450000000000001, 19.0)",17,CJ1J2,4,10.0,83,0,0,1,,,1655,
lower_x_8p40,"(8.4, 17.0, 8.450000000000001, 19.0)",18,CJ1A,0,10.0,82,0,0,0,,,,
lower_x_8p40,"(8.4, 17.0, 8.450000000000001, 19.0)",18,CJ1A,1,10.0,82,0,0,0,,,,
lower_x_8p40,"(8.4, 17.0, 8.450000000000001, 19.0)",18,CJ1A,2,10.0,81,0,0,0,,,,
lower_x_8p40,"(8.4, 17.0, 8.450000000000001, 19.0)",18,CJ1A,3,10.0,84,0,0,0,,,,
lower_x_8p40,"(8.4, 17.0, 8.450000000000001, 19.0)",18,CJ1A,4,10.0,83,0,0,0,,,,
lower_x_8p40,"(8.4, 17.0, 8.450000000000001, 19.0)",19,CJ3B,0,10.0,82,0,0,2,,,1666|1676,
lower_x_8p40,"(8.4, 17.0, 8.450000000000001, 19.0)",19,CJ3B,1,10.0,82,0,0,1,,,1677,
lower_x_8p40,"(8.4, 17.0, 8.450000000000001, 19.0)",19,CJ3B,2,10.0,81,0,1,1,,1669,1669,
lower_x_8p40,"(8.4, 17.0, 8.450000000000001, 19.0)",19,CJ3B,3,10.0,84,0,0,1,,,1677,
lower_x_8p40,"(8.4, 17.0, 8.450000000000001, 19.0)",20,CJ3J1,1,10.0,82,0,0,1,,,1877,
lower_x_8p40,"(8.4, 17.0, 8.450000000000001, 19.0)",20,CJ3J1,0,10.0,82,0,0,1,,,1866,
lower_x_8p40,"(8.4, 17.0, 8.450000000000001, 19.0)",19,CJ3B,4,10.0,83,0,0,0,,,,
lower_x_8p40,"(8.4, 17.0, 8.450000000000001, 19.0)",20,CJ3J1,2,10.0,81,0,1,1,,1869,1869,
lower_x_8p40,"(8.4, 17.0, 8.450000000000001, 19.0)",20,CJ3J1,3,10.0,84,0,0,1,,,1877,
lower_x_8p40,"(8.4, 17.0, 8.450000000000001, 19.0)",20,CJ3J1,4,10.0,83,0,0,0,,,,
lower_x_8p40,"(8.4, 17.0, 8.450000000000001, 19.0)",21,CJ3A,0,10.0,82,0,0,2,,,1866|1876,
lower_x_8p40,"(8.4, 17.0, 8.450000000000001, 19.0)",21,CJ3A,1,10.0,82,0,0,1,,,1877,
lower_x_8p40,"(8.4, 17.0, 8.450000000000001, 19.0)",21,CJ3A,2,10.0,81,0,1,1,,1869,1869,
lower_x_8p40,"(8.4, 17.0, 8.450000000000001, 19.0)",21,CJ3A,3,10.0,84,0,0,1,,,1877,
lower_x_8p40,"(8.4, 17.0, 8.450000000000001, 19.0)",21,CJ3A,4,10.0,83,0,0,0,,,,
lower_x_8p40,"(8.4, 17.0, 8.450000000000001, 19.0)",22,J2CB,1,10.0,82,0,0,0,,,,
lower_x_8p40,"(8.4, 17.0, 8.450000000000001, 19.0)",22,J2CB,0,10.0,82,0,0,0,,,,
lower_x_8p40,"(8.4, 17.0, 8.450000000000001, 19.0)",22,J2CB,2,10.0,81,0,0,0,,,,
lower_x_8p40,"(8.4, 17.0, 8.450000000000001, 19.0)",23,J2CJ1,1,10.0,82,0,0,0,,,,
lower_x_8p40,"(8.4, 17.0, 8.450000000000001, 19.0)",23,J2CJ1,0,10.0,82,0,0,0,,,,
lower_x_8p40,"(8.4, 17.0, 8.450000000000001, 19.0)",22,J2CB,3,10.0,84,0,0,0,,,,
lower_x_8p40,"(8.4, 17.0, 8.450000000000001, 19.0)",22,J2CB,4,10.0,83,0,0,0,,,,
lower_x_8p40,"(8.4, 17.0, 8.450000000000001, 19.0)",23,J2CJ1,2,10.0,81,0,0,0,,,,
lower_x_8p40,"(8.4, 17.0, 8.450000000000001, 19.0)",23,J2CJ1,3,10.0,84,0,0,0,,,,
lower_x_8p40,"(8.4, 17.0, 8.450000000000001, 19.0)",23,J2CJ1,4,10.0,83,0,0,0,,,,
lower_x_8p40,"(8.4, 17.0, 8.450000000000001, 19.0)",24,J2CJ2,0,10.0,82,0,0,1,,,2045,
lower_x_8p40,"(8.4, 17.0, 8.450000000000001, 19.0)",24,J2CJ2,1,10.0,82,0,1,1,,2246,2246,
lower_x_8p40,"(8.4, 17.0, 8.450000000000001, 19.0)",24,J2CJ2,2,10.0,81,0,0,1,,,2254,
lower_x_8p40,"(8.4, 17.0, 8.450000000000001, 19.0)",24,J2CJ2,3,10.0,84,0,0,1,,,2243,
lower_x_8p40,"(8.4, 17.0, 8.450000000000001, 19.0)",24,J2CJ2,4,10.0,83,0,0,1,,,2255,
lower_x_8p40,"(8.4, 17.0, 8.450000000000001, 19.0)",25,J2CA,0,10.0,82,0,0,0,,,,
lower_x_8p40,"(8.4, 17.0, 8.450000000000001, 19.0)",25,J2CA,1,10.0,82,0,0,0,,,,
lower_x_8p40,"(8.4, 17.0, 8.450000000000001, 19.0)",25,J2CA,2,10.0,81,0,0,0,,,,
lower_x_8p40,"(8.4, 17.0, 8.450000000000001, 19.0)",25,J2CA,4,10.0,83,0,0,0,,,,
lower_x_8p40,"(8.4, 17.0, 8.450000000000001, 19.0)",25,J2CA,3,10.0,84,0,0,0,,,,
lower_x_8p40,"(8.4, 17.0, 8.450000000000001, 19.0)",26,J2J3B,0,10.0,82,0,0,2,,,2266|2276,
lower_x_8p40,"(8.4, 17.0, 8.450000000000001, 19.0)",26,J2J3B,1,10.0,82,0,0,1,,,2277,
lower_x_8p40,"(8.4, 17.0, 8.450000000000001, 19.0)",26,J2J3B,2,10.0,81,0,1,1,,2469,2469,
lower_x_8p40,"(8.4, 17.0, 8.450000000000001, 19.0)",27,J2J3A,0,10.0,82,0,0,2,,,2466|2476,
lower_x_8p40,"(8.4, 17.0, 8.450000000000001, 19.0)",27,J2J3A,1,10.0,82,0,0,1,,,2477,
lower_x_8p40,"(8.4, 17.0, 8.450000000000001, 19.0)",26,J2J3B,3,10.0,84,0,0,1,,,2477,
lower_x_8p40,"(8.4, 17.0, 8.450000000000001, 19.0)",27,J2J3A,2,10.0,81,0,1,1,,2469,2469,
lower_x_8p40,"(8.4, 17.0, 8.450000000000001, 19.0)",26,J2J3B,4,10.0,83,0,0,0,,,,
lower_x_8p40,"(8.4, 17.0, 8.450000000000001, 19.0)",27,J2J3A,3,10.0,84,0,0,1,,,2477,
lower_x_8p40,"(8.4, 17.0, 8.450000000000001, 19.0)",27,J2J3A,4,10.0,83,0,0,0,,,,
lower_x_8p40,"(8.4, 17.0, 8.450000000000001, 19.0)",28,J3CB,0,10.0,82,0,0,0,,,,
lower_x_8p40,"(8.4, 17.0, 8.450000000000001, 19.0)",28,J3CB,1,10.0,82,0,0,0,,,,
lower_x_8p40,"(8.4, 17.0, 8.450000000000001, 19.0)",28,J3CB,2,10.0,81,0,0,0,,,,
lower_x_8p40,"(8.4, 17.0, 8.450000000000001, 19.0)",29,J3CJ2,1,10.0,82,0,1,1,,2646,2646,
lower_x_8p40,"(8.4, 17.0, 8.450000000000001, 19.0)",29,J3CJ2,0,10.0,82,0,0,1,,,2645,
lower_x_8p40,"(8.4, 17.0, 8.450000000000001, 19.0)",28,J3CB,3,10.0,84,0,0,0,,,,
lower_x_8p40,"(8.4, 17.0, 8.450000000000001, 19.0)",29,J3CJ2,2,10.0,81,0,0,1,,,2654,
lower_x_8p40,"(8.4, 17.0, 8.450000000000001, 19.0)",28,J3CB,4,10.0,83,0,0,0,,,,
lower_x_8p40,"(8.4, 17.0, 8.450000000000001, 19.0)",29,J3CJ2,4,10.0,83,0,0,1,,,2655,
lower_x_8p40,"(8.4, 17.0, 8.450000000000001, 19.0)",29,J3CJ2,3,10.0,84,0,0,1,,,2643,
lower_x_8p40,"(8.4, 17.0, 8.450000000000001, 19.0)",30,J3CA,0,10.0,82,0,0,0,,,,
lower_x_8p40,"(8.4, 17.0, 8.450000000000001, 19.0)",30,J3CA,1,10.0,82,0,0,0,,,,
lower_x_8p40,"(8.4, 17.0, 8.450000000000001, 19.0)",30,J3CA,2,10.0,81,0,0,0,,,,
lower_x_8p40,"(8.4, 17.0, 8.450000000000001, 19.0)",30,J3CA,3,10.0,84,0,0,0,,,,
lower_x_8p40,"(8.4, 17.0, 8.450000000000001, 19.0)",30,J3CA,4,10.0,83,0,0,0,,,,
lower_x_8p40,"(8.4, 17.0, 8.450000000000001, 19.0)",31,J3J1B,1,10.0,82,0,0,0,,,,
lower_x_8p40,"(8.4, 17.0, 8.450000000000001, 19.0)",31,J3J1B,0,10.0,82,0,0,0,,,,
lower_x_8p40,"(8.4, 17.0, 8.450000000000001, 19.0)",31,J3J1B,2,10.0,81,0,0,0,,,,
lower_x_8p40,"(8.4, 17.0, 8.450000000000001, 19.0)",32,J3J1A,0,10.0,82,0,0,0,,,,
lower_x_8p40,"(8.4, 17.0, 8.450000000000001, 19.0)",31,J3J1B,3,10.0,84,0,0,0,,,,
lower_x_8p40,"(8.4, 17.0, 8.450000000000001, 19.0)",32,J3J1A,1,10.0,82,0,0,0,,,,
lower_x_8p40,"(8.4, 17.0, 8.450000000000001, 19.0)",31,J3J1B,4,10.0,83,0,0,0,,,,
lower_x_8p40,"(8.4, 17.0, 8.450000000000001, 19.0)",32,J3J1A,2,10.0,81,0,0,0,,,,
lower_x_8p40,"(8.4, 17.0, 8.450000000000001, 19.0)",32,J3J1A,3,10.0,84,0,0,0,,,,
lower_x_8p40,"(8.4, 17.0, 8.450000000000001, 19.0)",32,J3J1A,4,10.0,83,0,0,0,,,,
lower_x_8p40,"(8.4, 17.0, 8.450000000000001, 19.0)",33,J3J3B,0,10.0,82,0,0,2,,,3066|3076,
lower_x_8p40,"(8.4, 17.0, 8.450000000000001, 19.0)",33,J3J3B,1,10.0,82,0,0,1,,,3077,
lower_x_8p40,"(8.4, 17.0, 8.450000000000001, 19.0)",33,J3J3B,2,10.0,81,0,1,1,,3069,3069,
lower_x_8p40,"(8.4, 17.0, 8.450000000000001, 19.0)",33,J3J3B,3,10.0,84,0,0,1,,,3077,
lower_x_8p40,"(8.4, 17.0, 8.450000000000001, 19.0)",34,J3J3A,1,10.0,82,0,0,1,,,3077,
lower_x_8p40,"(8.4, 17.0, 8.450000000000001, 19.0)",34,J3J3A,0,10.0,82,0,0,2,,,3066|3076,
lower_x_8p40,"(8.4, 17.0, 8.450000000000001, 19.0)",34,J3J3A,3,10.0,84,0,0,1,,,3077,
lower_x_8p40,"(8.4, 17.0, 8.450000000000001, 19.0)",33,J3J3B,4,10.0,83,0,0,0,,,,
lower_x_8p40,"(8.4, 17.0, 8.450000000000001, 19.0)",34,J3J3A,2,10.0,81,0,1,1,,3069,3069,
lower_x_8p40,"(8.4, 17.0, 8.450000000000001, 19.0)",34,J3J3A,4,10.0,83,0,0,0,,,,
