action,policy,incident,surge_room,surge_time,elapsed_time,remaining_agents,episode_reward,error
0,ACB,A_exit,C,10.0,69.7,0,-0.5574603174603174,
28,J3CB,A_exit,C,10.0,69.7,0,-0.588015873015873,
11,CCB,A_exit,C,10.0,71.12,0,-0.5701111111111111,
14,CCA,A_exit,C,10.0,71.12,0,-0.5645555555555556,
12,CCJ1,A_exit,C,10.0,76.86,0,-0.630968253968254,
2,ACJ2,A_exit,C,10.0,81.96000000000001,0,-0.6565238095238096,
13,CCJ2,A_exit,C,10.0,83.34,0,-0.6721269841269841,
3,ACA,A_exit,C,10.0,83.45,0,-0.6683730158730159,
1,ACJ1,A_exit,C,10.0,83.93,0,-0.669452380952381,
20,CJ3J1,A_exit,C,10.0,86.35000000000001,0,-0.7035317460317461,
15,CJ1B,A_exit,C,10.0,89.8,0,-0.7044444444444443,
18,CJ1A,A_exit,C,10.0,89.8,0,-0.6988888888888888,
16,CJ1J1,A_exit,C,10.0,96.45,0,-0.7739285714285714,
8,AJ3B,A_exit,C,10.0,100.07000000000001,0,-0.7944365079365079,
19,CJ3B,A_exit,C,10.0,100.07000000000001,0,-0.7880873015873016,
21,CJ3A,A_exit,C,10.0,102.43,0,-0.7821507936507937,
17,CJ1J2,A_exit,C,10.0,107.46000000000001,0,-0.8616825396825397,
29,J3CJ2,A_exit,C,10.0,108.69,0,-0.8970873015873014,
31,J3J1B,A_exit,C,10.0,113.05,0,-0.9375793650793651,
26,J2J3B,A_exit,C,10.0,127.74000000000001,0,-1.0664126984126987,
33,J3J3B,A_exit,C,10.0,138.17000000000002,0,-1.1441984126984128,
27,J2J3A,A_exit,C,10.0,157.84,0,-1.259031746031746,
4,AJ1B,A_exit,C,10.0,180.0,49,-1.453571428571428,
7,AJ1A,A_exit,C,10.0,180.0,84,-1.643650793650793,
6,AJ1J2,A_exit,C,10.0,180.0,61,-1.542063492063492,
5,AJ1J1,A_exit,C,10.0,180.0,68,-1.568253968253968,
9,AJ3J1,A_exit,C,10.0,180.0,46,-1.4785714285714282,
10,AJ3A,A_exit,C,10.0,180.0,103,-1.7496031746031753,
22,J2CB,A_exit,C,10.0,180.0,31,-1.5242063492063491,
23,J2CJ1,A_exit,C,10.0,180.0,93,-1.710714285714285,
25,J2CA,A_exit,C,10.0,180.0,31,-1.5186507936507936,
24,J2CJ2,A_exit,C,10.0,180.0,83,-1.7178571428571427,
30,J3CA,A_exit,C,10.0,180.0,2,-1.2392857142857143,
34,J3J3A,A_exit,C,10.0,180.0,41,-1.589285714285714,
32,J3J1A,A_exit,C,10.0,180.0,49,-1.617460317460317,
21,CJ3A,C_exit,C,10.0,71.47,0,-0.5803888888888888,
4,AJ1B,C_exit,C,10.0,84.99,0,-0.6725634920634921,
7,AJ1A,C_exit,C,10.0,93.8,0,-0.7572222222222221,
10,AJ3A,C_exit,C,10.0,95.96000000000001,0,-0.775968253968254,
0,ACB,C_exit,C,10.0,97.42,0,-0.7297142857142858,
1,ACJ1,C_exit,C,10.0,97.42,0,-0.7440000000000001,
3,ACA,C_exit,C,10.0,97.42,0,-0.7408253968253968,
28,J3CB,C_exit,C,10.0,97.42,0,-0.7721746031746033,
5,AJ1J1,C_exit,C,10.0,97.82000000000001,0,-0.7906666666666666,
8,AJ3B,C_exit,C,10.0,100.07000000000001,0,-0.782531746031746,
19,CJ3B,C_exit,C,10.0,100.07000000000001,0,-0.8059444444444445,
27,J2J3A,C_exit,C,10.0,101.57000000000001,0,-0.8170555555555556,
9,AJ3J1,C_exit,C,10.0,103.64,0,-0.8313333333333334,
6,AJ1J2,C_exit,C,10.0,105.63,0,-0.8427857142857142,
31,J3J1B,C_exit,C,10.0,113.05,0,-0.9375793650793651,
26,J2J3B,C_exit,C,10.0,127.74000000000001,0,-1.0664126984126987,
2,ACJ2,C_exit,C,10.0,137.18,0,-1.0315555555555556,
33,J3J3B,C_exit,C,10.0,138.17000000000002,0,-1.1441984126984128,
11,CCB,C_exit,C,10.0,180.0,79,-1.6091269841269835,
13,CCJ2,C_exit,C,10.0,180.0,89,-1.6789682539682533,
15,CJ1B,C_exit,C,10.0,180.0,34,-1.4218253968253967,
17,CJ1J2,C_exit,C,10.0,180.0,68,-1.5853174603174598,
18,CJ1A,C_exit,C,10.0,180.0,34,-1.4138888888888885,
12,CCJ1,C_exit,C,10.0,180.0,103,-1.752380952380953,
14,CCA,C_exit,C,10.0,180.0,79,-1.6011904761904758,
16,CJ1J1,C_exit,C,10.0,180.0,57,-1.5480158730158726,
22,J2CB,C_exit,C,10.0,180.0,32,-1.5126984126984127,
20,CJ3J1,C_exit,C,10.0,180.0,81,-1.6400793650793644,
24,J2CJ2,C_exit,C,10.0,180.0,76,-1.6972222222222215,
25,J2CA,C_exit,C,10.0,180.0,32,-1.5047619047619047,
23,J2CJ1,C_exit,C,10.0,180.0,85,-1.697619047619047,
30,J3CA,C_exit,C,10.0,180.0,2,-1.2634920634920637,
29,J3CJ2,C_exit,C,10.0,180.0,67,-1.583333333333333,
32,J3J1A,C_exit,C,10.0,180.0,69,-1.676587301587301,
34,J3J3A,C_exit,C,10.0,180.0,42,-1.6107142857142853,
14,CCA,bottom_loop,C,10.0,69.3,0,-0.540952380952381,
18,CJ1A,bottom_loop,C,10.0,70.57000000000001,0,-0.5523730158730159,
21,CJ3A,bottom_loop,C,10.0,73.7,0,-0.5776984126984127,
4,AJ1B,bottom_loop,C,10.0,78.57000000000001,0,-0.6249920634920635,
15,CJ1B,bottom_loop,C,10.0,78.57000000000001,0,-0.6281666666666667,
0,ACB,bottom_loop,C,10.0,80.43,0,-0.6317539682539682,
11,CCB,bottom_loop,C,10.0,80.43,0,-0.6377063492063492,
12,CCJ1,bottom_loop,C,10.0,83.26,0,-0.6677142857142858,
16,CJ1J1,bottom_loop,C,10.0,87.28,0,-0.7086984126984126,
3,ACA,bottom_loop,C,10.0,89.97,0,-0.7137222222222223,
20,CJ3J1,bottom_loop,C,10.0,90.36,0,-0.7258095238095238,
10,AJ3A,bottom_loop,C,10.0,94.62,0,-0.7633650793650795,
1,ACJ1,bottom_loop,C,10.0,96.66,0,-0.765968253968254,
7,AJ1A,bottom_loop,C,10.0,98.58,0,-0.7885396825396825,
8,AJ3B,bottom_loop,C,10.0,99.21000000000001,0,-0.7761666666666667,
19,CJ3B,bottom_loop,C,10.0,99.21000000000001,0,-0.7817222222222222,
9,AJ3J1,bottom_loop,C,10.0,102.10000000000001,0,-0.8196031746031746,
5,AJ1J1,bottom_loop,C,10.0,106.01,0,-0.8476746031746032,
22,J2CB,bottom_loop,C,10.0,106.13,0,-0.8781031746031744,
28,J3CB,bottom_loop,C,10.0,123.09,0,-1.0040714285714287,
31,J3J1B,bottom_loop,C,10.0,124.77,0,-1.0388015873015872,
26,J2J3B,bottom_loop,C,10.0,130.4,0,-1.0835714285714286,
33,J3J3B,bottom_loop,C,10.0,133.22,0,-1.1059841269841268,
27,J2J3A,bottom_loop,C,10.0,164.8,0,-1.3330158730158732,
6,AJ1J2,bottom_loop,C,10.0,180.0,73,-1.572222222222222,
2,ACJ2,bottom_loop,C,10.0,180.0,73,-1.5658730158730154,
13,CCJ2,bottom_loop,C,10.0,180.0,73,-1.5718253968253966,
17,CJ1J2,bottom_loop,C,10.0,180.0,73,-1.5753968253968251,
25,J2CA,bottom_loop,C,10.0,180.0,2,-1.4293650793650794,
23,J2CJ1,bottom_loop,C,10.0,180.0,113,-1.8134920634920642,
24,J2CJ2,bottom_loop,C,10.0,180.0,113,-1.8134920634920642,
30,J3CA,bottom_loop,C,10.0,180.0,21,-1.4928571428571429,
32,J3J1A,bottom_loop,C,10.0,180.0,57,-1.6047619047619044,
29,J3CJ2,bottom_loop,C,10.0,180.0,113,-1.8134920634920642,
34,J3J3A,bottom_loop,C,10.0,180.0,40,-1.6055555555555552,
0,ACB,top_loop,C,10.0,68.94,0,-0.5397460317460318,
1,ACJ1,top_loop,C,10.0,68.94,0,-0.5528412698412698,
3,ACA,top_loop,C,10.0,68.94,0,-0.5496666666666666,
11,CCB,top_loop,C,10.0,70.16,0,-0.5746984126984126,
14,CCA,top_loop,C,10.0,77.33,0,-0.6188968253968254,
28,J3CB,top_loop,C,10.0,77.33,0,-0.6359603174603174,
2,ACJ2,top_loop,C,10.0,81.24,0,-0.6374444444444444,
4,AJ1B,top_loop,C,10.0,82.06,0,-0.655888888888889,
22,J2CB,top_loop,C,10.0,91.59,0,-0.7274841269841271,
25,J2CA,top_loop,C,10.0,91.59,0,-0.727484126984127,
7,AJ1A,top_loop,C,10.0,94.37,0,-0.7572142857142857,
10,AJ3A,top_loop,C,10.0,95.15,0,-0.7607539682539682,
8,AJ3B,top_loop,C,10.0,100.07000000000001,0,-0.782531746031746,
5,AJ1J1,top_loop,C,10.0,101.27,0,-0.8157857142857141,
9,AJ3J1,top_loop,C,10.0,102.10000000000001,0,-0.8235714285714286,
13,CCJ2,top_loop,C,10.0,104.89,0,-0.8537539682539683,
29,J3CJ2,top_loop,C,10.0,107.05,0,-0.8804365079365079,
15,CJ1B,top_loop,C,10.0,107.27,0,-0.8915793650793652,
19,CJ3B,top_loop,C,10.0,125.97,0,-1.038722222222222,
31,J3J1B,top_loop,C,10.0,126.95,0,-1.0521031746031746,
26,J2J3B,top_loop,C,10.0,127.91,0,-1.0665634920634919,
33,J3J3B,top_loop,C,10.0,128.94,0,-1.0655396825396828,
18,CJ1A,top_loop,C,10.0,163.81,0,-1.3140238095238097,
24,J2CJ2,top_loop,C,10.0,164.88,0,-1.2894126984126983,
21,CJ3A,top_loop,C,10.0,168.91,0,-1.3467222222222222,
27,J2J3A,top_loop,C,10.0,170.0,0,-1.3583333333333334,
6,AJ1J2,top_loop,C,10.0,180.0,80,-1.6107142857142853,
12,CCJ1,top_loop,C,10.0,180.0,55,-1.4936507936507932,
16,CJ1J1,top_loop,C,10.0,180.0,115,-1.8257936507936514,
23,J2CJ1,top_loop,C,10.0,180.0,55,-1.5257936507936505,
17,CJ1J2,top_loop,C,10.0,180.0,115,-1.8257936507936514,
20,CJ3J1,top_loop,C,10.0,180.0,115,-1.8257936507936514,
30,J3CA,top_loop,C,10.0,180.0,2,-1.2297619047619048,
32,J3J1A,top_loop,C,10.0,180.0,51,-1.6380952380952376,
34,J3J3A,top_loop,C,10.0,180.0,51,-1.6059523809523806,
