post_policy,seed,time,surge_remaining,assignment:A,assignment:C,assignment:J2,assignment:J3,zone:J1,zone:J2,zone:exit_A_neck,zone:exit_C_neck,zone:lower_east_of_cut,zone:right_connector,zone:room_C,zone:room_C_connector,zone:upper_east_of_J1,zone:upper_west_of_J1
ACB,0,10.0,40,0,0,40,0,0,0,0,0,0,0,40,0,0,0
ACB,0,10.200000000000001,40,0,0,40,0,0,0,0,0,0,0,40,0,0,0
ACB,0,10.4,40,0,0,40,0,0,0,0,0,0,0,40,0,0,0
ACB,0,10.6,40,0,0,40,0,0,0,0,0,0,0,40,0,0,0
ACB,0,10.8,40,0,0,40,0,0,0,0,0,0,0,40,0,0,0
ACB,0,11.0,40,0,0,40,0,0,0,0,0,0,0,40,0,0,0
ACB,0,11.200000000000001,40,0,0,40,0,0,0,0,0,0,0,40,0,0,0
ACB,0,11.4,40,0,0,40,0,0,0,0,0,0,0,40,0,0,0
ACB,0,11.6,40,0,0,40,0,0,0,0,0,0,0,38,2,0,0
ACB,0,11.8,40,0,0,40,0,0,0,0,0,0,0,37,3,0,0
ACB,0,12.0,40,0,0,40,0,0,0,0,0,0,0,37,3,0,0
ACB,0,12.200000000000001,40,0,0,40,0,0,0,0,0,0,0,37,3,0,0
ACB,0,12.4,40,0,0,40,0,0,0,0,0,0,0,37,3,0,0
ACB,0,12.6,40,0,0,40,0,0,0,0,0,0,0,36,4,0,0
ACB,0,12.8,40,0,0,40,0,0,0,0,0,0,0,36,4,0,0
ACB,0,13.0,40,0,0,40,0,0,0,0,0,0,0,36,4,0,0
ACB,0,13.200000000000001,40,0,0,40,0,0,0,0,0,0,0,34,6,0,0
ACB,0,13.4,40,0,0,40,0,0,0,0,0,0,0,34,6,0,0
ACB,0,13.6,40,0,0,40,0,0,1,0,0,0,0,34,5,0,0
ACB,0,13.8,40,0,1,39,0,0,1,0,0,0,0,34,5,0,0
ACB,0,14.0,40,0,1,39,0,0,1,0,0,0,0,34,5,0,0
ACB,0,14.200000000000001,40,0,1,39,0,0,1,0,0,0,0,34,5,0,0
ACB,0,14.4,40,0,1,39,0,0,1,0,0,0,0,33,6,0,0
ACB,0,14.6,40,0,1,39,0,0,1,0,0,0,0,32,7,0,0
ACB,0,14.8,40,0,1,39,0,0,1,0,0,0,0,32,7,0,0
ACB,0,15.0,40,0,2,38,0,0,2,0,0,0,0,32,6,0,0
ACB,0,15.200000000000001,40,0,3,37,0,0,3,0,0,0,0,32,5,0,0
ACB,0,15.4,40,0,3,37,0,0,4,0,0,0,0,32,4,0,0
ACB,0,15.6,40,0,4,36,0,0,4,0,0,0,0,32,4,0,0
ACB,0,15.8,40,0,4,36,0,0,4,0,0,0,0,32,4,0,0
ACB,0,16.0,40,0,4,36,0,0,3,0,0,1,0,31,5,0,0
ACB,0,16.2,40,0,4,36,0,0,3,0,0,1,0,29,7,0,0
ACB,0,16.4,40,0,4,36,0,0,3,0,0,1,0,29,7,0,0
ACB,0,16.6,40,0,4,36,0,0,3,0,0,1,0,29,7,0,0
ACB,0,16.8,40,0,4,36,0,0,2,0,0,2,0,29,7,0,0
ACB,0,17.0,40,0,5,35,0,0,3,0,0,2,0,29,6,0,0
ACB,0,17.2,40,0,5,35,0,0,3,0,0,2,0,29,6,0,0
ACB,0,17.400000000000002,40,0,5,35,0,0,3,0,0,2,0,29,6,0,0
ACB,0,17.6,40,0,5,35,0,0,2,0,0,3,0,28,7,0,0
ACB,0,17.8,40,0,5,35,0,0,3,0,0,3,0,28,6,0,0
ACB,0,18.0,40,0,6,34,0,0,4,0,0,3,0,27,6,0,0
ACB,0,18.2,40,0,7,33,0,0,4,0,0,3,0,27,6,0,0
ACB,0,18.400000000000002,40,0,7,33,0,0,4,0,0,3,0,27,6,0,0
ACB,0,18.6,40,0,7,33,0,0,3,0,0,4,0,27,6,0,0
ACB,0,18.8,40,0,7,33,0,0,3,0,0,4,0,27,6,0,0
ACB,0,19.0,40,0,7,33,0,0,3,0,0,5,0,27,5,0,0
ACB,0,19.2,40,0,8,32,0,0,3,0,0,5,0,27,5,0,0
ACB,0,19.400000000000002,40,0,8,32,0,0,3,0,0,5,0,25,7,0,0
ACB,0,19.6,40,0,9,31,0,0,4,0,0,5,0,25,6,0,0
ACB,0,19.8,40,0,9,31,0,0,4,0,0,5,0,24,7,0,0
ACB,0,20.0,40,0,9,31,0,0,3,0,0,6,0,24,7,0,0
ACB,0,20.2,40,0,9,31,0,0,2,0,0,7,0,24,7,0,0
ACB,0,20.400000000000002,40,0,10,30,0,0,3,0,0,7,0,24,6,0,0
ACB,0,20.6,40,0,10,30,0,0,3,0,0,7,0,24,6,0,0
ACB,0,20.8,40,0,10,30,0,0,2,0,0,8,0,24,6,0,0
ACB,0,21.0,40,0,10,30,0,0,2,0,0,8,0,23,7,0,0
ACB,0,21.2,40,0,11,29,0,0,3,0,0,8,0,23,6,0,0
ACB,0,21.400000000000002,40,0,12,28,0,0,4,0,0,8,0,21,7,0,0
ACB,0,21.6,40,0,12,28,0,0,3,0,0,9,0,21,7,0,0
ACB,0,21.8,40,0,12,28,0,0,3,0,0,9,0,21,7,0,0
ACB,0,22.0,40,0,12,28,0,0,3,0,0,9,0,21,7,0,0
ACB,0,22.2,40,0,12,28,0,0,2,0,0,10,0,21,7,0,0
ACB,0,22.400000000000002,40,0,13,27,0,0,3,0,0,10,0,21,6,0,0
ACB,0,22.6,40,0,14,26,0,0,4,0,0,10,0,20,6,0,0
ACB,0,22.8,40,0,14,26,0,0,4,0,0,10,0,20,6,0,0
ACB,0,23.0,40,0,14,26,0,0,4,0,0,9,1,20,6,0,0
ACB,0,23.2,40,0,15,25,0,0,4,0,0,10,1,18,7,0,0
ACB,0,23.400000000000002,40,0,15,25,0,0,3,0,0,11,1,18,7,0,0
ACB,0,23.6,40,0,15,25,0,0,3,0,0,11,1,18,7,0,0
ACB,0,23.8,40,0,15,25,0,0,3,0,0,11,1,18,7,0,0
ACB,0,24.0,40,0,15,25,0,0,2,0,0,12,1,18,7,0,0
ACB,0,24.2,40,0,15,25,0,0,2,0,0,12,1,18,7,0,0
ACB,0,24.400000000000002,40,0,17,23,0,0,4,0,0,11,2,17,6,0,0
ACB,0,24.6,40,0,17,23,0,0,3,0,0,12,2,16,7,0,0
ACB,0,24.8,40,0,17,23,0,0,3,0,0,12,2,16,7,0,0
ACB,0,25.0,40,0,18,22,0,0,4,0,0,12,2,15,7,0,0
ACB,0,25.2,40,0,18,22,0,0,4,0,0,11,3,15,7,0,0
ACB,0,25.400000000000002,40,0,18,22,0,0,3,0,0,12,3,15,7,0,0
ACB,0,25.6,40,0,18,22,0,0,3,0,0,12,3,15,7,0,0
ACB,0,25.8,40,0,18,22,0,0,3,0,0,12,3,15,7,0,0
ACB,0,26.0,40,0,18,22,0,0,3,0,0,12,4,15,6,0,0
ACB,0,26.2,40,0,19,21,0,0,2,0,0,13,4,15,6,0,0
ACB,0,26.400000000000002,40,0,20,20,0,0,3,0,0,13,4,15,5,0,0
ACB,0,26.6,40,0,20,20,0,0,3,0,0,13,4,13,7,0,0
ACB,0,26.8,40,0,20,20,0,0,3,0,0,13,4,13,7,0,0
ACB,0,27.0,40,0,20,20,0,0,3,0,0,13,4,13,7,0,0
ACB,0,27.2,40,0,20,20,0,0,3,0,0,13,4,13,7,0,0
ACB,0,27.400000000000002,40,0,21,19,0,0,3,0,0,14,4,13,6,0,0
ACB,0,27.6,40,0,22,18,0,0,3,0,0,13,6,13,5,0,0
ACB,0,27.8,40,0,22,18,0,0,3,0,0,13,6,13,5,0,0
ACB,0,28.0,40,0,22,18,0,0,4,0,0,13,6,11,6,0,0
ACB,0,28.2,40,0,23,17,0,0,4,0,0,13,6,11,6,0,0
ACB,0,28.400000000000002,40,0,23,17,0,0,4,0,0,13,6,11,6,0,0
ACB,0,28.6,40,0,23,17,0,0,3,0,0,14,6,11,6,0,0
ACB,0,28.8,40,0,23,17,0,0,3,0,0,14,6,11,6,0,0
ACB,0,29.0,40,0,23,17,0,0,3,0,0,14,5,11,6,1,0
ACB,0,29.2,40,0,23,17,0,0,3,0,0,15,5,9,7,1,0
ACB,0,29.400000000000002,40,0,24,16,0,0,3,0,0,14,6,9,7,1,0
ACB,0,29.6,40,0,24,16,0,0,2,0,0,15,6,9,7,1,0
ACB,0,29.8,40,0,25,15,0,0,3,0,0,15,6,9,6,1,0
ACB,0,30.0,40,0,25,15,0,0,3,0,0,14,7,9,6,1,0
ACB,0,30.2,40,0,25,15,0,0,3,0,0,13,8,8,7,1,0
ACB,0,30.400000000000002,40,0,26,14,0,0,4,0,0,13,7,7,7,2,0
ACB,0,30.6,40,0,26,14,0,0,3,0,0,14,7,7,7,2,0
ACB,0,30.8,40,0,26,14,0,0,2,0,0,15,7,6,8,2,0
ACB,0,31.0,40,0,26,14,0,0,2,0,0,14,8,6,8,2,0
ACB,0,31.2,40,0,26,14,0,0,2,0,0,14,7,6,8,3,0
ACB,0,31.400000000000002,40,0,26,14,0,0,2,0,0,14,7,6,8,3,0
ACB,0,31.6,40,0,28,12,0,0,4,0,0,13,8,6,6,3,0
ACB,0,31.8,40,0,28,12,0,0,4,0,0,13,8,5,7,3,0
ACB,0,32.0,40,0,28,12,0,0,4,0,0,12,9,5,7,3,0
ACB,0,32.2,40,0,29,11,0,0,4,0,0,13,9,5,6,3,0
ACB,0,32.410000000000004,40,0,29,11,0,0,3,0,0,14,9,3,8,3,0
ACB,0,32.62,40,0,29,11,0,0,3,0,0,14,8,3,8,4,0
ACB,0,32.82,40,0,30,10,0,0,4,0,0,13,9,3,7,4,0
ACB,0,33.02,40,0,30,10,0,0,4,0,0,13,9,3,7,4,0
ACB,0,33.230000000000004,40,0,31,9,0,0,5,0,0,13,9,3,6,4,0
ACB,0,33.44,40,0,31,9,0,0,4,0,0,13,10,3,6,4,0
ACB,0,33.64,40,0,31,9,0,0,3,0,1,14,9,3,6,4,0
ACB,0,33.84,40,0,31,9,0,0,2,0,1,15,9,3,6,4,0
ACB,0,34.05,40,0,32,8,0,0,3,0,1,15,9,1,7,4,0
ACB,0,34.25,40,0,32,8,0,0,3,0,1,14,10,1,7,4,0
ACB,0,34.45,40,0,32,8,0,0,3,0,1,14,10,0,8,4,0
ACB,0,34.660000000000004,40,0,32,8,0,0,3,0,1,14,9,0,8,5,0
ACB,0,34.87,40,0,33,7,0,0,4,0,1,14,8,0,7,6,0
ACB,0,35.07,40,0,33,7,0,0,4,0,1,13,9,0,7,6,0
ACB,0,35.27,40,0,34,6,0,0,4,0,1,14,9,0,6,6,0
ACB,0,35.480000000000004,40,0,34,6,0,0,3,0,1,14,10,0,6,6,0
ACB,0,35.69,40,0,35,5,0,0,4,0,2,14,10,0,5,5,0
ACB,0,35.89,40,0,35,5,0,0,4,0,2,14,9,0,5,6,0
ACB,0,36.09,40,0,35,5,0,0,4,0,2,14,8,0,5,7,0
ACB,0,36.300000000000004,40,0,35,5,0,0,4,0,2,14,8,0,5,7,0
ACB,0,36.51,40,0,35,5,0,0,3,0,2,14,9,0,5,7,0
ACB,0,36.71,40,0,36,4,0,0,4,0,2,13,10,0,4,7,0
ACB,0,36.910000000000004,40,0,36,4,0,0,4,0,2,13,10,0,4,7,0
ACB,0,37.12,40,0,36,4,0,0,4,0,2,13,8,0,4,9,0
ACB,0,37.32,40,0,37,3,0,0,4,0,3,14,8,0,3,8,0
ACB,0,37.52,40,0,38,2,0,0,5,0,3,14,8,0,2,8,0
ACB,0,37.730000000000004,40,0,38,2,0,0,5,0,3,13,9,0,2,8,0
ACB,0,37.94,40,0,38,2,0,0,5,0,4,13,9,0,2,7,0
ACB,0,38.14,40,0,38,2,0,0,4,0,4,14,9,0,2,7,0
ACB,0,38.34,40,0,38,2,0,0,4,0,4,13,9,0,2,8,0
ACB,0,38.550000000000004,40,0,38,2,0,0,5,0,4,13,9,0,1,8,0
ACB,0,38.76,40,0,39,1,0,0,4,0,5,14,8,0,1,8,0
ACB,0,38.96,39,0,38,1,0,0,4,0,4,14,8,0,1,8,0
ACB,0,39.160000000000004,39,0,38,1,0,0,4,0,4,14,8,0,1,8,0
ACB,0,39.37,39,0,38,1,0,0,3,0,5,14,9,0,1,7,0
ACB,0,39.57,39,0,39,0,0,0,3,0,5,14,9,0,1,7,0
ACB,0,39.77,39,0,39,0,0,0,4,0,5,14,8,0,0,8,0
ACB,0,39.980000000000004,39,0,39,0,0,0,3,0,5,14,9,0,0,8,0
ACB,0,40.19,39,0,39,0,0,0,3,0,6,14,9,0,0,7,0
ACB,0,40.39,39,0,39,0,0,0,3,0,6,14,9,0,0,7,0
ACB,0,40.59,39,0,39,0,0,0,3,0,7,13,10,0,0,6,0
ACB,0,40.800000000000004,39,0,39,0,0,0,3,0,7,13,9,0,0,7,0
ACB,0,41.01,39,0,39,0,0,0,2,0,7,13,9,0,0,8,0
ACB,0,41.21,39,0,39,0,0,0,2,0,7,13,9,0,0,8,0
ACB,0,41.410000000000004,38,0,38,0,0,0,1,0,6,14,9,0,0,8,0
ACB,0,41.62,38,0,38,0,0,0,1,0,7,14,9,0,0,7,0
ACB,0,41.82,38,0,38,0,0,0,0,0,7,15,9,0,0,7,0
ACB,0,42.02,38,0,38,0,0,0,0,0,8,14,10,0,0,6,0
ACB,0,42.230000000000004,38,0,38,0,0,0,0,0,8,14,9,0,0,7,0
ACB,0,42.44,38,0,38,0,0,0,0,0,8,14,8,0,0,8,0
ACB,0,42.64,37,0,37,0,0,0,0,0,7,14,8,0,0,8,0
ACB,0,42.84,36,0,36,0,0,0,0,0,6,13,9,0,0,8,0
ACB,0,43.050000000000004,36,0,36,0,0,0,0,0,7,13,9,0,0,7,0
ACB,0,43.26,36,0,36,0,0,0,0,0,8,13,9,0,0,6,0
ACB,0,43.46,36,0,36,0,0,0,0,0,8,13,8,0,0,7,0
ACB,0,43.660000000000004,36,0,36,0,0,0,0,0,8,13,8,0,0,7,0
ACB,0,43.87,36,0,36,0,0,0,0,0,8,12,9,0,0,7,0
ACB,0,44.07,34,0,34,0,0,0,0,0,6,11,10,0,0,7,0
ACB,0,44.27,34,0,34,0,0,0,0,0,6,11,9,0,0,8,0
ACB,0,44.480000000000004,34,0,34,0,0,0,0,0,7,11,8,0,0,8,0
ACB,0,44.69,34,0,34,0,0,0,0,0,8,11,8,0,0,7,0
ACB,0,44.89,34,0,34,0,0,0,0,0,8,11,8,0,0,7,0
ACB,0,45.09,34,0,34,0,0,0,0,0,8,11,8,0,0,7,0
ACB,0,45.300000000000004,32,0,32,0,0,0,0,0,6,9,10,0,0,7,0
ACB,0,45.51,32,0,32,0,0,0,0,0,6,9,9,0,0,8,0
ACB,0,45.71,32,0,32,0,0,0,0,0,6,9,9,0,0,8,0
ACB,0,45.910000000000004,32,0,32,0,0,0,0,0,7,9,9,0,0,7,0
ACB,0,46.12,32,0,32,0,0,0,0,0,7,9,9,0,0,7,0
ACB,0,46.32,32,0,32,0,0,0,0,0,7,9,8,0,0,8,0
ACB,0,46.52,32,0,32,0,0,0,0,0,8,8,9,0,0,7,0
ACB,0,46.730000000000004,30,0,30,0,0,0,0,0,6,7,10,0,0,7,0
ACB,0,46.94,30,0,30,0,0,0,0,0,6,7,9,0,0,8,0
ACB,0,47.14,30,0,30,0,0,0,0,0,6,7,9,0,0,8,0
ACB,0,47.34,30,0,30,0,0,0,0,0,7,6,10,0,0,7,0
ACB,0,47.550000000000004,30,0,30,0,0,0,0,0,7,6,10,0,0,7,0
ACB,0,47.76,30,0,30,0,0,0,0,0,7,6,10,0,0,7,0
ACB,0,47.96,28,0,28,0,0,0,0,0,6,6,10,0,0,6,0
ACB,0,48.160000000000004,28,0,28,0,0,0,0,0,6,5,11,0,0,6,0
ACB,0,48.370000000000005,28,0,28,0,0,0,0,0,6,5,10,0,0,7,0
ACB,0,48.58,28,0,28,0,0,0,0,0,7,4,10,0,0,7,0
ACB,0,48.78,28,0,28,0,0,0,0,0,7,4,10,0,0,7,0
ACB,0,48.980000000000004,28,0,28,0,0,0,0,0,7,4,10,0,0,7,0
ACB,0,49.19,28,0,28,0,0,0,0,0,7,4,10,0,0,7,0
ACB,0,49.39,26,0,26,0,0,0,0,0,5,4,10,0,0,7,0
ACB,0,49.59,26,0,26,0,0,0,0,0,6,4,9,0,0,7,0
ACB,0,49.800000000000004,26,0,26,0,0,0,0,0,6,4,9,0,0,7,0
ACB,0,50.01,26,0,26,0,0,0,0,0,6,3,10,0,0,7,0
ACB,0,50.21,26,0,26,0,0,0,0,0,6,2,11,0,0,7,0
ACB,0,50.410000000000004,26,0,26,0,0,0,0,0,7,2,11,0,0,6,0
ACB,0,50.620000000000005,25,0,25,0,0,0,0,0,6,2,10,0,0,7,0
ACB,0,50.83,25,0,25,0,0,0,0,0,6,1,10,0,0,8,0
ACB,0,51.03,24,0,24,0,0,0,0,0,5,1,10,0,0,8,0
ACB,0,51.230000000000004,24,0,24,0,0,0,0,0,5,1,10,0,0,8,0
ACB,0,51.44,24,0,24,0,0,0,0,0,6,0,11,0,0,7,0
ACB,0,51.64,24,0,24,0,0,0,0,0,7,0,11,0,0,6,0
ACB,0,51.84,24,0,24,0,0,0,0,0,7,0,10,0,0,7,0
ACB,0,52.050000000000004,24,0,24,0,0,0,0,0,7,0,10,0,0,7,0
ACB,0,52.26,23,0,23,0,0,0,0,0,6,0,9,0,0,8,0
ACB,0,52.46,23,0,23,0,0,0,0,0,6,0,9,0,0,8,0
ACB,0,52.660000000000004,23,0,23,0,0,0,0,0,6,0,9,0,0,8,0
ACB,0,52.870000000000005,22,0,22,0,0,0,0,0,6,0,9,0,0,7,0
ACB,0,53.08,22,0,22,0,0,0,0,0,6,0,8,0,0,8,0
ACB,0,53.28,22,0,22,0,0,0,0,0,7,0,8,0,0,7,0
ACB,0,53.480000000000004,22,0,22,0,0,0,0,0,7,0,8,0,0,7,0
ACB,0,53.69,22,0,22,0,0,0,0,0,7,0,8,0,0,7,0
ACB,0,53.89,21,0,21,0,0,0,0,0,6,0,8,0,0,7,0
ACB,0,54.09,21,0,21,0,0,0,0,0,6,0,7,0,0,8,0
ACB,0,54.300000000000004,21,0,21,0,0,0,0,0,7,0,6,0,0,8,0
ACB,0,54.51,21,0,21,0,0,0,0,0,7,0,6,0,0,8,0
ACB,0,54.71,21,0,21,0,0,0,0,0,8,0,6,0,0,7,0
ACB,0,54.910000000000004,21,0,21,0,0,0,0,0,8,0,6,0,0,7,0
ACB,0,55.120000000000005,20,0,20,0,0,0,0,0,7,0,6,0,0,7,0
ACB,0,55.33,20,0,20,0,0,0,0,0,7,0,6,0,0,7,0
ACB,0,55.53,20,0,20,0,0,0,0,0,7,0,5,0,0,8,0
ACB,0,55.730000000000004,20,0,20,0,0,0,0,0,8,0,4,0,0,8,0
ACB,0,55.94,20,0,20,0,0,0,0,0,8,0,4,0,0,8,0
ACB,0,56.14,20,0,20,0,0,0,0,0,9,0,4,0,0,7,0
ACB,0,56.34,18,0,18,0,0,0,0,0,7,0,4,0,0,7,0
ACB,0,56.550000000000004,18,0,18,0,0,0,0,0,7,0,4,0,0,7,0
ACB,0,56.76,18,0,18,0,0,0,0,0,7,0,3,0,0,8,0
ACB,0,56.96,18,0,18,0,0,0,0,0,7,0,3,0,0,8,0
ACB,0,57.160000000000004,18,0,18,0,0,0,0,0,8,0,3,0,0,7,0
ACB,0,57.370000000000005,18,0,18,0,0,0,0,0,8,0,3,0,0,7,0
ACB,0,57.58,17,0,17,0,0,0,0,0,8,0,3,0,0,6,0
ACB,0,57.78,16,0,16,0,0,0,0,0,7,0,2,0,0,7,0
ACB,0,57.980000000000004,16,0,16,0,0,0,0,0,7,0,2,0,0,7,0
ACB,0,58.19,16,0,16,0,0,0,0,0,7,0,1,0,0,8,0
ACB,0,58.39,16,0,16,0,0,0,0,0,7,0,1,0,0,8,0
ACB,0,58.59,16,0,16,0,0,0,0,0,8,0,1,0,0,7,0
ACB,0,58.800000000000004,15,0,15,0,0,0,0,0,7,0,1,0,0,7,0
ACB,0,59.01,14,0,14,0,0,0,0,0,7,0,1,0,0,6,0
ACB,0,59.21,14,0,14,0,0,0,0,0,7,0,1,0,0,6,0
ACB,0,59.410000000000004,14,0,14,0,0,0,0,0,7,0,1,0,0,6,0
ACB,0,59.620000000000005,14,0,14,0,0,0,0,0,7,0,1,0,0,6,0
ACB,0,59.83,14,0,14,0,0,0,0,0,7,0,0,0,0,7,0
ACB,0,60.03,13,0,13,0,0,0,0,0,6,0,0,0,0,7,0
ACB,0,60.230000000000004,13,0,13,0,0,0,0,0,6,0,0,0,0,7,0
ACB,0,60.44,12,0,12,0,0,0,0,0,6,0,0,0,0,6,0
ACB,0,60.64,12,0,12,0,0,0,0,0,7,0,0,0,0,5,0
ACB,0,60.84,12,0,12,0,0,0,0,0,7,0,0,0,0,5,0
ACB,0,61.050000000000004,12,0,12,0,0,0,0,0,7,0,0,0,0,5,0
ACB,0,61.26,12,0,12,0,0,0,0,0,7,0,0,0,0,5,0
ACB,0,61.46,11,0,11,0,0,0,0,0,6,0,0,0,0,5,0
ACB,0,61.660000000000004,11,0,11,0,0,0,0,0,6,0,0,0,0,5,0
ACB,0,61.870000000000005,10,0,10,0,0,0,0,0,6,0,0,0,0,4,0
ACB,0,62.08,10,0,10,0,0,0,0,0,6,0,0,0,0,4,0
ACB,0,62.28,10,0,10,0,0,0,0,0,6,0,0,0,0,4,0
ACB,0,62.480000000000004,10,0,10,0,0,0,0,0,6,0,0,0,0,4,0
ACB,0,62.690000000000005,10,0,10,0,0,0,0,0,7,0,0,0,0,3,0
ACB,0,62.9,9,0,9,0,0,0,0,0,6,0,0,0,0,3,0
ACB,0,63.1,9,0,9,0,0,0,0,0,7,0,0,0,0,2,0
ACB,0,63.300000000000004,9,0,9,0,0,0,0,0,7,0,0,0,0,2,0
ACB,0,63.51,8,0,8,0,0,0,0,0,6,0,0,0,0,2,0
ACB,0,63.71,8,0,8,0,0,0,0,0,6,0,0,0,0,2,0
ACB,0,63.910000000000004,8,0,8,0,0,0,0,0,6,0,0,0,0,2,0
ACB,0,64.11,8,0,8,0,0,0,0,0,7,0,0,0,0,1,0
ACB,0,64.31,8,0,8,0,0,0,0,0,7,0,0,0,0,1,0
ACB,0,64.51,7,0,7,0,0,0,0,0,6,0,0,0,0,1,0
ACB,0,64.71000000000001,7,0,7,0,0,0,0,0,6,0,0,0,0,1,0
ACB,0,64.92,7,0,7,0,0,0,0,0,6,0,0,0,0,1,0
ACB,0,65.12,7,0,7,0,0,0,0,0,6,0,0,0,0,1,0
ACB,0,65.32000000000001,7,0,7,0,0,0,0,0,7,0,0,0,0,0,0
ACB,0,65.53,6,0,6,0,0,0,0,0,6,0,0,0,0,0,0
ACB,0,65.73,5,0,5,0,0,0,0,0,5,0,0,0,0,0,0
ACB,0,65.93,5,0,5,0,0,0,0,0,5,0,0,0,0,0,0
ACB,0,66.14,5,0,5,0,0,0,0,0,5,0,0,0,0,0,0
ACB,0,66.34,5,0,5,0,0,0,0,0,5,0,0,0,0,0,0
ACB,0,66.54,5,0,5,0,0,0,0,0,5,0,0,0,0,0,0
ACB,0,66.75,5,0,5,0,0,0,0,0,5,0,0,0,0,0,0
ACB,0,66.95,4,0,4,0,0,0,0,0,4,0,0,0,0,0,0
ACB,0,67.15,4,0,4,0,0,0,0,0,4,0,0,0,0,0,0
ACB,0,67.36,3,0,3,0,0,0,0,0,3,0,0,0,0,0,0
ACB,0,67.56,3,0,3,0,0,0,0,0,3,0,0,0,0,0,0
ACB,0,67.76,3,0,3,0,0,0,0,0,3,0,0,0,0,0,0
ACB,0,67.96000000000001,3,0,3,0,0,0,0,0,3,0,0,0,0,0,0
ACB,0,68.17,3,0,3,0,0,0,0,0,3,0,0,0,0,0,0
ACB,0,68.37,2,0,2,0,0,0,0,0,2,0,0,0,0,0,0
ACB,0,68.57000000000001,2,0,2,0,0,0,0,0,2,0,0,0,0,0,0
ACB,0,68.78,1,0,1,0,0,0,0,0,1,0,0,0,0,0,0
ACB,0,68.98,1,0,1,0,0,0,0,0,1,0,0,0,0,0,0
ACB,0,69.18,1,0,1,0,0,0,0,0,1,0,0,0,0,0,0
ACB,0,69.39,1,0,1,0,0,0,0,0,1,0,0,0,0,0,0
ACB,0,69.59,1,0,1,0,0,0,0,0,1,0,0,0,0,0,0
ACB,0,69.79,1,0,1,0,0,0,0,0,1,0,0,0,0,0,0
AJ3B,0,10.0,40,0,0,40,0,0,0,0,0,0,0,40,0,0,0
AJ3B,0,10.200000000000001,40,0,0,40,0,0,0,0,0,0,0,40,0,0,0
AJ3B,0,10.4,40,0,0,40,0,0,0,0,0,0,0,40,0,0,0
AJ3B,0,10.6,40,0,0,40,0,0,0,0,0,0,0,40,0,0,0
AJ3B,0,10.8,40,0,0,40,0,0,0,0,0,0,0,40,0,0,0
AJ3B,0,11.0,40,0,0,40,0,0,0,0,0,0,0,40,0,0,0
AJ3B,0,11.200000000000001,40,0,0,40,0,0,0,0,0,0,0,40,0,0,0
AJ3B,0,11.4,40,0,0,40,0,0,0,0,0,0,0,40,0,0,0
AJ3B,0,11.6,40,0,0,40,0,0,0,0,0,0,0,38,2,0,0
AJ3B,0,11.8,40,0,0,40,0,0,0,0,0,0,0,37,3,0,0
AJ3B,0,12.0,40,0,0,40,0,0,0,0,0,0,0,37,3,0,0
AJ3B,0,12.200000000000001,40,0,0,40,0,0,0,0,0,0,0,37,3,0,0
AJ3B,0,12.4,40,0,0,40,0,0,0,0,0,0,0,37,3,0,0
AJ3B,0,12.6,40,0,0,40,0,0,0,0,0,0,0,36,4,0,0
AJ3B,0,12.8,40,0,0,40,0,0,0,0,0,0,0,36,4,0,0
AJ3B,0,13.0,40,0,0,40,0,0,0,0,0,0,0,36,4,0,0
AJ3B,0,13.200000000000001,40,0,0,40,0,0,0,0,0,0,0,34,6,0,0
AJ3B,0,13.4,40,0,0,40,0,0,0,0,0,0,0,34,6,0,0
AJ3B,0,13.6,40,0,0,40,0,0,1,0,0,0,0,34,5,0,0
AJ3B,0,13.8,40,0,0,39,1,0,1,0,0,0,0,34,5,0,0
AJ3B,0,14.0,40,0,0,39,1,0,1,0,0,0,0,34,5,0,0
AJ3B,0,14.200000000000001,40,0,0,39,1,0,1,0,0,0,0,34,5,0,0
AJ3B,0,14.4,40,0,0,39,1,0,1,0,0,0,0,33,6,0,0
AJ3B,0,14.6,40,0,0,39,1,0,1,0,0,0,0,32,7,0,0
AJ3B,0,14.8,40,0,0,39,1,0,1,0,0,0,0,32,7,0,0
AJ3B,0,15.0,40,0,0,38,2,0,2,0,0,0,0,32,6,0,0
AJ3B,0,15.200000000000001,40,0,0,37,3,0,3,0,0,0,0,32,5,0,0
AJ3B,0,15.4,40,0,0,37,3,0,4,0,0,0,0,32,4,0,0
AJ3B,0,15.6,40,0,0,36,4,0,4,0,0,0,0,32,4,0,0
AJ3B,0,15.8,40,0,0,36,4,0,4,0,0,0,0,32,4,0,0
AJ3B,0,16.0,40,0,0,36,4,0,3,0,0,1,0,31,5,0,0
AJ3B,0,16.2,40,0,0,36,4,0,3,0,0,1,0,29,7,0,0
AJ3B,0,16.4,40,0,0,36,4,0,3,0,0,1,0,29,7,0,0
AJ3B,0,16.6,40,0,0,36,4,0,3,0,0,1,0,29,7,0,0
AJ3B,0,16.8,40,0,0,36,4,0,2,0,0,2,0,29,7,0,0
AJ3B,0,17.0,40,0,0,35,5,0,3,0,0,2,0,29,6,0,0
AJ3B,0,17.2,40,0,0,35,5,0,3,0,0,2,0,29,6,0,0
AJ3B,0,17.400000000000002,40,0,0,35,5,0,3,0,0,2,0,29,6,0,0
AJ3B,0,17.6,40,0,0,35,5,0,2,0,0,3,0,28,7,0,0
AJ3B,0,17.8,40,0,0,35,5,0,3,0,0,3,0,28,6,0,0
AJ3B,0,18.0,40,0,0,34,6,0,4,0,0,3,0,27,6,0,0
AJ3B,0,18.2,40,0,0,33,7,0,4,0,0,3,0,27,6,0,0
AJ3B,0,18.400000000000002,40,0,0,33,7,0,4,0,0,3,0,27,6,0,0
AJ3B,0,18.6,40,0,0,33,7,0,3,0,0,4,0,27,6,0,0
AJ3B,0,18.8,40,0,0,33,7,0,3,0,0,4,0,27,6,0,0
AJ3B,0,19.0,40,0,0,33,7,0,3,0,0,5,0,27,5,0,0
AJ3B,0,19.2,40,0,0,32,8,0,3,0,0,5,0,27,5,0,0
AJ3B,0,19.400000000000002,40,0,0,32,8,0,3,0,0,5,0,25,7,0,0
AJ3B,0,19.6,40,0,0,31,9,0,4,0,0,5,0,25,6,0,0
AJ3B,0,19.8,40,0,0,31,9,0,4,0,0,5,0,24,7,0,0
AJ3B,0,20.0,40,0,0,31,9,0,3,0,0,6,0,24,7,0,0
AJ3B,0,20.2,40,0,0,31,9,0,2,0,0,7,0,24,7,0,0
AJ3B,0,20.400000000000002,40,0,0,30,10,0,3,0,0,7,0,24,6,0,0
AJ3B,0,20.6,40,0,0,30,10,0,3,0,0,7,0,24,6,0,0
AJ3B,0,20.8,40,0,0,30,10,0,2,0,0,8,0,24,6,0,0
AJ3B,0,21.0,40,0,0,30,10,0,2,0,0,8,0,23,7,0,0
AJ3B,0,21.2,40,0,0,29,11,0,3,0,0,8,0,23,6,0,0
AJ3B,0,21.400000000000002,40,0,0,28,12,0,4,0,0,8,0,21,7,0,0
AJ3B,0,21.6,40,0,0,28,12,0,3,0,0,9,0,21,7,0,0
AJ3B,0,21.8,40,0,0,28,12,0,3,0,0,9,0,21,7,0,0
AJ3B,0,22.0,40,0,0,28,12,0,3,0,0,9,0,21,7,0,0
AJ3B,0,22.2,40,0,0,28,12,0,2,0,0,10,0,21,7,0,0
AJ3B,0,22.400000000000002,40,0,0,27,13,0,3,0,0,10,0,21,6,0,0
AJ3B,0,22.6,40,0,0,26,14,0,4,0,0,10,0,20,6,0,0
AJ3B,0,22.8,40,0,0,26,14,0,4,0,0,10,0,20,6,0,0
AJ3B,0,23.0,40,0,0,26,14,0,4,0,0,9,1,20,6,0,0
AJ3B,0,23.2,40,0,0,26,14,0,4,0,0,10,1,18,7,0,0
AJ3B,0,23.400000000000002,40,0,0,25,15,0,3,0,0,11,1,18,7,0,0
AJ3B,0,23.6,40,0,0,25,15,0,3,0,0,11,1,18,7,0,0
AJ3B,0,23.8,40,0,0,25,15,0,3,0,0,11,1,18,7,0,0
AJ3B,0,24.0,40,0,0,25,15,0,2,0,0,12,1,18,7,0,0
AJ3B,0,24.2,40,0,0,25,15,0,2,0,0,12,1,18,7,0,0
AJ3B,0,24.400000000000002,40,0,0,23,17,0,4,0,0,11,2,17,6,0,0
AJ3B,0,24.6,40,0,0,23,17,0,3,0,0,12,2,16,7,0,0
AJ3B,0,24.8,40,0,0,23,17,0,3,0,0,12,2,16,7,0,0
AJ3B,0,25.0,40,0,0,23,17,0,3,0,0,12,2,15,8,0,0
AJ3B,0,25.2,40,0,0,23,17,0,3,0,0,11,3,15,8,0,0
AJ3B,0,25.400000000000002,40,0,0,23,17,0,3,0,0,11,3,15,8,0,0
AJ3B,0,25.6,40,0,0,22,18,0,3,0,0,12,3,15,7,0,0
AJ3B,0,25.8,40,0,0,21,19,0,4,0,0,11,4,15,6,0,0
AJ3B,0,26.0,40,0,0,21,19,0,4,0,0,11,4,15,6,0,0
AJ3B,0,26.2,40,0,0,21,19,0,3,0,0,12,4,15,6,0,0
AJ3B,0,26.400000000000002,40,0,0,20,20,0,4,0,0,12,4,14,6,0,0
AJ3B,0,26.6,40,0,0,20,20,0,3,0,0,13,4,13,7,0,0
AJ3B,0,26.8,40,0,0,20,20,0,3,0,0,13,4,13,7,0,0
AJ3B,0,27.0,40,0,0,20,20,0,3,0,0,12,4,13,7,1,0
AJ3B,0,27.2,40,0,0,19,21,0,4,0,0,12,4,13,6,1,0
AJ3B,0,27.400000000000002,40,0,0,18,22,0,4,0,0,13,4,13,5,1,0
AJ3B,0,27.6,40,0,0,18,22,0,4,0,0,13,4,13,5,1,0
AJ3B,0,27.8,40,0,0,18,22,0,4,0,0,13,4,13,5,1,0
AJ3B,0,28.0,40,0,0,18,22,0,4,0,0,12,5,12,6,1,0
AJ3B,0,28.2,40,0,0,18,22,0,3,0,0,13,6,10,7,1,0
AJ3B,0,28.400000000000002,40,0,0,17,23,0,3,0,0,13,5,10,7,2,0
AJ3B,0,28.6,40,0,0,17,23,0,3,0,0,13,5,10,7,2,0
AJ3B,0,28.8,40,0,0,17,23,0,3,0,0,13,5,10,7,2,0
AJ3B,0,29.0,40,0,0,17,23,0,3,0,0,14,5,10,6,2,0
AJ3B,0,29.2,40,0,0,16,24,0,3,0,0,13,6,9,7,2,0
AJ3B,0,29.400000000000002,40,0,0,16,24,0,3,0,0,13,6,9,7,2,0
AJ3B,0,29.6,40,0,0,15,25,0,4,0,0,12,6,9,6,3,0
AJ3B,0,29.8,40,0,0,15,25,0,3,0,0,13,6,9,6,3,0
AJ3B,0,30.0,40,0,0,15,25,0,3,0,0,14,6,8,6,3,0
AJ3B,0,30.2,40,0,0,14,26,0,3,0,0,14,5,8,6,4,0
AJ3B,0,30.400000000000002,40,0,0,14,26,0,3,0,0,14,5,7,7,4,0
AJ3B,0,30.6,40,0,0,13,27,0,4,0,0,13,6,6,7,4,0
AJ3B,0,30.8,40,0,0,13,27,0,3,0,0,13,7,6,7,4,0
AJ3B,0,31.0,40,0,0,13,27,0,3,0,0,13,7,6,7,4,0
AJ3B,0,31.2,40,0,0,13,27,0,2,0,0,14,7,6,7,4,0
AJ3B,0,31.400000000000002,40,0,0,13,27,0,2,0,0,14,7,6,7,4,0
AJ3B,0,31.6,40,0,0,13,27,0,4,0,0,14,7,6,5,4,0
AJ3B,0,31.8,40,0,0,11,29,0,4,0,0,13,6,5,6,6,0
AJ3B,0,32.0,40,0,0,11,29,0,4,0,0,12,7,4,7,6,0
AJ3B,0,32.2,40,1,0,11,28,1,4,0,0,12,7,4,7,5,0
AJ3B,0,32.410000000000004,40,1,0,11,28,1,2,0,0,14,7,3,8,5,0
AJ3B,0,32.62,40,1,0,10,29,1,3,0,0,14,7,3,7,5,0
AJ3B,0,32.82,40,1,0,9,30,1,4,0,0,14,7,3,6,5,0
AJ3B,0,33.02,40,1,0,9,30,1,4,0,0,14,7,3,6,5,0
AJ3B,0,33.230000000000004,40,1,0,8,31,1,5,0,0,14,7,3,5,5,0
AJ3B,0,33.44,40,1,0,8,31,1,5,0,0,12,8,3,5,6,0
AJ3B,0,33.64,40,2,0,8,30,2,3,0,0,14,8,1,7,5,0
AJ3B,0,33.84,40,2,0,8,30,2,3,0,0,14,8,1,7,5,0
AJ3B,0,34.05,40,2,0,8,30,1,3,0,0,15,8,1,6,5,1
AJ3B,0,34.25,40,2,0,7,31,1,3,0,0,15,8,1,6,5,1
AJ3B,0,34.45,40,2,0,7,31,1,3,0,0,15,7,0,7,6,1
AJ3B,0,34.660000000000004,40,2,0,6,32,1,4,0,0,14,7,0,6,7,1
AJ3B,0,34.87,40,2,0,6,32,2,4,0,0,14,7,0,6,6,1
AJ3B,0,35.07,40,3,0,6,31,2,5,0,0,14,7,0,5,6,1
AJ3B,0,35.27,40,3,0,5,32,1,5,0,0,14,7,0,5,6,2
AJ3B,0,35.480000000000004,40,4,0,5,31,2,4,0,0,14,8,0,5,5,2
AJ3B,0,35.69,40,4,0,4,32,2,5,0,0,14,8,0,4,5,2
AJ3B,0,35.89,40,4,0,4,32,2,4,0,0,14,9,0,4,5,2
AJ3B,0,36.09,40,4,0,4,32,2,4,0,0,14,9,0,4,5,2
AJ3B,0,36.300000000000004,40,4,0,4,32,2,4,0,0,14,7,0,4,7,2
AJ3B,0,36.51,40,4,0,3,33,1,4,0,0,15,7,0,3,7,3
AJ3B,0,36.71,40,4,0,3,33,1,4,0,0,15,7,0,3,7,3
AJ3B,0,36.910000000000004,40,5,0,2,33,2,5,0,0,15,7,0,2,6,3
AJ3B,0,37.12,40,5,0,2,33,1,5,0,0,14,8,0,2,6,4
AJ3B,0,37.32,40,5,0,2,33,1,4,0,0,14,9,0,2,6,4
AJ3B,0,37.52,40,5,0,2,33,1,4,0,0,14,8,0,2,7,4
AJ3B,0,37.730000000000004,40,5,0,1,34,1,3,0,0,16,8,0,1,7,4
AJ3B,0,37.94,40,5,0,1,34,1,3,0,0,16,8,0,1,7,4
AJ3B,0,38.14,40,6,0,1,33,2,3,0,0,16,8,0,1,6,4
AJ3B,0,38.34,40,6,0,1,33,2,3,0,0,16,7,0,1,7,4
AJ3B,0,38.550000000000004,40,7,0,1,32,2,3,0,0,16,7,0,1,6,5
AJ3B,0,38.76,40,7,0,1,32,2,3,0,0,14,9,0,1,6,5
AJ3B,0,38.96,40,7,0,1,32,2,3,0,0,14,8,0,1,7,5
AJ3B,0,39.160000000000004,40,7,0,0,33,2,3,0,0,15,8,0,0,7,5
AJ3B,0,39.37,40,7,0,0,33,2,3,0,0,15,8,0,0,7,5
AJ3B,0,39.57,40,8,0,0,32,3,2,0,0,16,8,0,0,6,5
AJ3B,0,39.77,40,8,0,0,32,2,2,0,0,16,8,0,0,6,6
AJ3B,0,39.980000000000004,40,8,0,0,32,2,2,0,0,16,8,0,0,6,6
AJ3B,0,40.19,40,8,0,0,32,1,2,0,0,15,9,0,0,6,7
AJ3B,0,40.39,40,8,0,0,32,1,2,0,0,15,7,0,0,8,7
AJ3B,0,40.59,40,8,0,0,32,1,1,0,0,16,7,0,0,8,7
AJ3B,0,40.800000000000004,40,9,0,0,31,2,1,0,0,15,8,0,0,7,7
AJ3B,0,41.01,40,9,0,0,31,2,1,0,0,15,8,0,0,7,7
AJ3B,0,41.21,40,9,0,0,31,1,1,0,0,15,8,0,0,7,8
AJ3B,0,41.410000000000004,40,9,0,0,31,1,1,0,0,14,9,0,0,7,8
AJ3B,0,41.62,40,10,0,0,30,2,0,0,0,15,8,0,0,7,8
AJ3B,0,41.82,40,10,0,0,30,2,0,0,0,15,8,0,0,7,8
AJ3B,0,42.02,40,10,0,0,30,3,0,0,0,15,7,0,0,7,8
AJ3B,0,42.230000000000004,40,11,0,0,29,3,0,0,0,15,7,0,0,7,8
AJ3B,0,42.44,40,11,0,0,29,2,0,0,0,15,7,0,0,7,9
AJ3B,0,42.64,40,11,0,0,29,2,0,0,0,14,8,0,0,7,9
AJ3B,0,42.84,40,11,0,0,29,2,0,0,0,13,9,0,0,7,9
AJ3B,0,43.050000000000004,40,11,0,0,29,2,0,0,0,13,8,0,0,8,9
AJ3B,0,43.26,40,12,0,0,28,3,0,0,0,13,8,0,0,7,9
AJ3B,0,43.46,40,12,0,0,28,2,0,0,0,13,8,0,0,7,10
AJ3B,0,43.660000000000004,40,13,0,0,27,3,0,0,0,13,7,0,0,7,10
AJ3B,0,43.87,40,13,0,0,27,2,0,0,0,13,7,0,0,7,11
AJ3B,0,44.07,40,13,0,0,27,2,0,0,0,11,9,0,0,7,11
AJ3B,0,44.27,40,13,0,0,27,2,0,0,0,11,8,0,0,8,11
AJ3B,0,44.480000000000004,40,13,0,0,27,2,0,0,0,11,8,0,0,8,11
AJ3B,0,44.69,40,13,0,0,27,2,0,0,0,11,8,0,0,8,11
AJ3B,0,44.89,40,13,0,0,27,1,0,0,0,11,8,0,0,8,12
AJ3B,0,45.09,40,14,0,0,26,2,0,0,0,10,9,0,0,7,12
AJ3B,0,45.300000000000004,40,14,0,0,26,1,0,0,0,9,10,0,0,7,13
AJ3B,0,45.51,40,14,0,0,26,1,0,0,0,9,10,0,0,7,13
AJ3B,0,45.71,40,14,0,0,26,1,0,0,0,9,9,0,0,8,13
AJ3B,0,45.910000000000004,40,15,0,0,25,2,0,0,0,9,8,0,0,8,13
AJ3B,0,46.12,40,15,0,0,25,2,0,0,0,9,8,0,0,8,13
AJ3B,0,46.32,40,16,0,0,24,3,0,0,0,9,8,0,0,7,13
AJ3B,0,46.52,40,16,0,0,24,3,0,0,0,8,9,0,0,7,13
AJ3B,0,46.730000000000004,40,16,0,0,24,2,0,0,0,7,10,0,0,7,14
AJ3B,0,46.94,40,16,0,0,24,2,0,1,0,7,10,0,0,7,13
AJ3B,0,47.14,40,16,0,0,24,3,0,1,0,7,9,0,0,7,13
AJ3B,0,47.34,40,17,0,0,23,3,0,1,0,7,9,0,0,7,13
AJ3B,0,47.550000000000004,40,17,0,0,23,3,0,1,0,7,9,0,0,6,14
AJ3B,0,47.76,40,18,0,0,22,3,0,1,0,7,8,0,0,7,14
AJ3B,0,47.96,40,18,0,0,22,2,0,1,0,7,8,0,0,7,15
AJ3B,0,48.160000000000004,40,18,0,0,22,2,0,2,0,5,10,0,0,7,14
AJ3B,0,48.370000000000005,39,17,0,0,22,2,0,1,0,5,10,0,0,7,14
AJ3B,0,48.58,39,18,0,0,21,3,0,1,0,5,10,0,0,6,14
AJ3B,0,48.78,39,18,0,0,21,3,0,1,0,5,9,0,0,7,14
AJ3B,0,48.980000000000004,39,19,0,0,20,3,0,1,0,5,9,0,0,6,15
AJ3B,0,49.19,39,19,0,0,20,3,0,1,0,5,9,0,0,6,15
AJ3B,0,49.39,39,19,0,0,20,2,0,2,0,5,9,0,0,6,15
AJ3B,0,49.59,38,18,0,0,20,2,0,1,0,5,8,0,0,7,15
AJ3B,0,49.800000000000004,38,18,0,0,20,2,0,1,0,4,8,0,0,8,15
AJ3B,0,50.01,38,18,0,0,20,2,0,1,0,4,8,0,0,8,15
AJ3B,0,50.21,38,18,0,0,20,1,0,1,0,4,8,0,0,8,16
AJ3B,0,50.410000000000004,38,19,0,0,19,2,0,2,0,4,8,0,0,7,15
AJ3B,0,50.620000000000005,38,19,0,0,19,2,0,2,0,3,9,0,0,7,15
AJ3B,0,50.83,37,18,0,0,19,1,0,2,0,2,10,0,0,7,15
AJ3B,0,51.03,37,18,0,0,19,1,0,2,0,2,9,0,0,8,15
AJ3B,0,51.230000000000004,37,19,0,0,18,2,0,2,0,2,9,0,0,7,15
AJ3B,0,51.44,37,19,0,0,18,2,0,2,0,2,9,0,0,7,15
AJ3B,0,51.64,36,19,0,0,17,3,0,2,0,2,9,0,0,6,14
AJ3B,0,51.84,36,19,0,0,17,3,0,2,0,2,8,0,0,7,14
AJ3B,0,52.050000000000004,35,18,0,0,17,3,0,1,0,2,8,0,0,7,14
AJ3B,0,52.26,35,18,0,0,17,2,0,1,0,2,7,0,0,8,15
AJ3B,0,52.46,35,18,0,0,17,2,0,1,0,2,7,0,0,8,15
AJ3B,0,52.660000000000004,35,19,0,0,16,3,0,2,0,1,8,0,0,7,14
AJ3B,0,52.870000000000005,35,19,0,0,16,2,0,2,0,1,8,0,0,7,15
AJ3B,0,53.08,34,18,0,0,16,3,0,1,0,1,8,0,0,6,15
AJ3B,0,53.28,34,19,0,0,15,3,0,1,0,1,8,0,0,6,15
AJ3B,0,53.480000000000004,34,19,0,0,15,3,0,2,0,1,6,0,0,8,14
AJ3B,0,53.69,34,19,0,0,15,2,0,2,0,1,6,0,0,8,15
AJ3B,0,53.89,34,19,0,0,15,2,0,2,0,1,6,0,0,8,15
AJ3B,0,54.09,33,18,0,0,15,2,0,2,0,1,6,0,0,8,14
AJ3B,0,54.300000000000004,33,18,0,0,15,1,0,2,0,0,7,0,0,8,15
AJ3B,0,54.51,33,19,0,0,14,2,0,2,0,0,7,0,0,7,15
AJ3B,0,54.71,33,19,0,0,14,2,0,2,0,0,6,0,0,8,15
AJ3B,0,54.910000000000004,33,20,0,0,13,3,0,3,0,0,5,0,0,8,14
AJ3B,0,55.120000000000005,32,19,0,0,13,2,0,2,0,0,5,0,0,8,15
AJ3B,0,55.33,32,19,0,0,13,2,0,2,0,0,5,0,0,8,15
AJ3B,0,55.53,31,18,0,0,13,2,0,1,0,0,5,0,0,8,15
AJ3B,0,55.730000000000004,31,18,0,0,13,2,0,1,0,0,4,0,0,9,15
AJ3B,0,55.94,31,19,0,0,12,3,0,1,0,0,4,0,0,8,15
AJ3B,0,56.14,31,19,0,0,12,3,0,1,0,0,4,0,0,8,15
AJ3B,0,56.34,30,19,0,0,11,4,0,1,0,0,4,0,0,7,14
AJ3B,0,56.550000000000004,30,19,0,0,11,3,0,1,0,0,4,0,0,7,15
AJ3B,0,56.76,30,19,0,0,11,2,0,2,0,0,4,0,0,7,15
AJ3B,0,56.96,30,19,0,0,11,2,0,2,0,0,4,0,0,7,15
AJ3B,0,57.160000000000004,30,19,0,0,11,2,0,2,0,0,3,0,0,8,15
AJ3B,0,57.370000000000005,30,20,0,0,10,3,0,2,0,0,3,0,0,7,15
AJ3B,0,57.58,29,19,0,0,10,4,0,1,0,0,3,0,0,6,15
AJ3B,0,57.78,29,20,0,0,9,4,0,2,0,0,3,0,0,6,14
AJ3B,0,57.980000000000004,29,20,0,0,9,3,0,2,0,0,3,0,0,6,15
AJ3B,0,58.19,29,20,0,0,9,2,0,2,0,0,3,0,0,6,16
AJ3B,0,58.39,28,19,0,0,9,2,0,2,0,0,3,0,0,6,15
AJ3B,0,58.59,28,19,0,0,9,2,0,2,0,0,2,0,0,7,15
AJ3B,0,58.800000000000004,28,20,0,0,8,3,0,2,0,0,2,0,0,6,15
AJ3B,0,59.01,28,21,0,0,7,4,0,2,0,0,2,0,0,5,15
AJ3B,0,59.21,27,20,0,0,7,4,0,2,0,0,2,0,0,5,14
AJ3B,0,59.410000000000004,27,20,0,0,7,3,0,2,0,0,2,0,0,5,15
AJ3B,0,59.620000000000005,26,19,0,0,7,2,0,2,0,0,2,0,0,5,15
AJ3B,0,59.83,26,19,0,0,7,2,0,2,0,0,1,0,0,6,15
AJ3B,0,60.03,26,19,0,0,7,2,0,2,0,0,1,0,0,6,15
AJ3B,0,60.230000000000004,26,20,0,0,6,4,0,2,0,0,1,0,0,4,15
AJ3B,0,60.44,25,20,0,0,5,4,0,2,0,0,1,0,0,4,14
AJ3B,0,60.64,25,20,0,0,5,3,0,2,0,0,1,0,0,4,15
AJ3B,0,60.84,24,19,0,0,5,3,0,1,0,0,1,0,0,4,15
AJ3B,0,61.050000000000004,24,19,0,0,5,2,0,1,0,0,1,0,0,4,16
AJ3B,0,61.26,24,19,0,0,5,2,0,1,0,0,0,0,0,5,16
AJ3B,0,61.46,24,19,0,0,5,2,0,1,0,0,0,0,0,5,16
AJ3B,0,61.660000000000004,24,19,0,0,5,2,0,1,0,0,0,0,0,5,16
AJ3B,0,61.870000000000005,23,19,0,0,4,3,0,1,0,0,0,0,0,4,15
AJ3B,0,62.08,23,19,0,0,4,2,0,2,0,0,0,0,0,4,15
AJ3B,0,62.28,23,19,0,0,4,2,0,2,0,0,0,0,0,4,15
AJ3B,0,62.480000000000004,23,19,0,0,4,2,0,2,0,0,0,0,0,4,15
AJ3B,0,62.690000000000005,23,19,0,0,4,1,0,2,0,0,0,0,0,4,16
AJ3B,0,62.9,23,19,0,0,4,1,0,2,0,0,0,0,0,4,16
AJ3B,0,63.1,22,18,0,0,4,1,0,2,0,0,0,0,0,4,15
AJ3B,0,63.300000000000004,22,19,0,0,3,2,0,2,0,0,0,0,0,3,15
AJ3B,0,63.51,21,18,0,0,3,2,0,2,0,0,0,0,0,3,14
AJ3B,0,63.71,21,18,0,0,3,2,0,2,0,0,0,0,0,3,14
AJ3B,0,63.910000000000004,21,18,0,0,3,2,0,2,0,0,0,0,0,3,14
AJ3B,0,64.11,21,18,0,0,3,2,0,2,0,0,0,0,0,3,14
AJ3B,0,64.31,21,18,0,0,3,1,0,2,0,0,0,0,0,3,15
AJ3B,0,64.51,20,17,0,0,3,1,0,2,0,0,0,0,0,3,14
AJ3B,0,64.71000000000001,20,18,0,0,2,2,0,2,0,0,0,0,0,2,14
AJ3B,0,64.92,19,17,0,0,2,2,0,1,0,0,0,0,0,2,14
AJ3B,0,65.12,19,17,0,0,2,2,0,1,0,0,0,0,0,2,14
AJ3B,0,65.32000000000001,19,17,0,0,2,2,0,1,0,0,0,0,0,2,14
AJ3B,0,65.53,19,17,0,0,2,2,0,1,0,0,0,0,0,2,14
AJ3B,0,65.73,19,17,0,0,2,1,0,1,0,0,0,0,0,2,15
AJ3B,0,65.93,18,16,0,0,2,1,0,2,0,0,0,0,0,2,13
AJ3B,0,66.14,18,16,0,0,2,1,0,2,0,0,0,0,0,2,13
AJ3B,0,66.34,18,17,0,0,1,2,0,2,0,0,0,0,0,1,13
AJ3B,0,66.54,18,17,0,0,1,2,0,2,0,0,0,0,0,1,13
AJ3B,0,66.75,18,17,0,0,1,2,0,2,0,0,0,0,0,1,13
AJ3B,0,66.95,18,17,0,0,1,2,0,2,0,0,0,0,0,1,13
AJ3B,0,67.15,16,15,0,0,1,2,0,2,0,0,0,0,0,1,11
AJ3B,0,67.36,16,15,0,0,1,1,0,2,0,0,0,0,0,1,12
AJ3B,0,67.56,16,15,0,0,1,1,0,2,0,0,0,0,0,1,12
AJ3B,0,67.76,16,16,0,0,0,2,0,2,0,0,0,0,0,0,12
AJ3B,0,67.96000000000001,16,16,0,0,0,2,0,2,0,0,0,0,0,0,12
AJ3B,0,68.17,16,16,0,0,0,2,0,2,0,0,0,0,0,0,12
AJ3B,0,68.37,16,16,0,0,0,2,0,2,0,0,0,0,0,0,12
AJ3B,0,68.57000000000001,14,14,0,0,0,2,0,2,0,0,0,0,0,0,10
AJ3B,0,68.78,14,14,0,0,0,1,0,2,0,0,0,0,0,0,11
AJ3B,0,68.98,14,14,0,0,0,1,0,2,0,0,0,0,0,0,11
AJ3B,0,69.18,14,14,0,0,0,1,0,2,0,0,0,0,0,0,11
AJ3B,0,69.39,14,14,0,0,0,1,0,2,0,0,0,0,0,0,11
AJ3B,0,69.59,14,14,0,0,0,1,0,2,0,0,0,0,0,0,11
AJ3B,0,69.79,12,12,0,0,0,1,0,1,0,0,0,0,0,0,10
AJ3B,0,70.0,12,12,0,0,0,1,0,2,0,0,0,0,0,0,9
AJ3B,0,70.2,12,12,0,0,0,1,0,2,0,0,0,0,0,0,9
AJ3B,0,70.4,12,12,0,0,0,0,0,2,0,0,0,0,0,0,10
AJ3B,0,70.60000000000001,12,12,0,0,0,0,0,2,0,0,0,0,0,0,10
AJ3B,0,70.81,12,12,0,0,0,0,0,2,0,0,0,0,0,0,10
AJ3B,0,71.01,12,12,0,0,0,0,0,2,0,0,0,0,0,0,10
AJ3B,0,71.21000000000001,10,10,0,0,0,0,0,2,0,0,0,0,0,0,8
AJ3B,0,71.42,10,10,0,0,0,0,0,2,0,0,0,0,0,0,8
AJ3B,0,71.62,10,10,0,0,0,0,0,2,0,0,0,0,0,0,8
AJ3B,0,71.82000000000001,10,10,0,0,0,0,0,2,0,0,0,0,0,0,8
AJ3B,0,72.03,10,10,0,0,0,0,0,2,0,0,0,0,0,0,8
AJ3B,0,72.23,10,10,0,0,0,0,0,2,0,0,0,0,0,0,8
AJ3B,0,72.43,9,9,0,0,0,0,0,2,0,0,0,0,0,0,7
AJ3B,0,72.64,8,8,0,0,0,0,0,1,0,0,0,0,0,0,7
AJ3B,0,72.84,8,8,0,0,0,0,0,1,0,0,0,0,0,0,7
AJ3B,0,73.04,8,8,0,0,0,0,0,1,0,0,0,0,0,0,7
AJ3B,0,73.25,8,8,0,0,0,0,0,1,0,0,0,0,0,0,7
AJ3B,0,73.45,8,8,0,0,0,0,0,1,0,0,0,0,0,0,7
AJ3B,0,73.65,8,8,0,0,0,0,0,1,0,0,0,0,0,0,7
AJ3B,0,73.85000000000001,7,7,0,0,0,0,0,1,0,0,0,0,0,0,6
AJ3B,0,74.06,7,7,0,0,0,0,0,1,0,0,0,0,0,0,6
AJ3B,0,74.26,7,7,0,0,0,0,0,1,0,0,0,0,0,0,6
AJ3B,0,74.46000000000001,7,7,0,0,0,0,0,1,0,0,0,0,0,0,6
AJ3B,0,74.67,7,7,0,0,0,0,0,1,0,0,0,0,0,0,6
AJ3B,0,74.87,7,7,0,0,0,0,0,1,0,0,0,0,0,0,6
AJ3B,0,75.07000000000001,6,6,0,0,0,0,0,1,0,0,0,0,0,0,5
AJ3B,0,75.28,6,6,0,0,0,0,0,1,0,0,0,0,0,0,5
AJ3B,0,75.48,6,6,0,0,0,0,0,1,0,0,0,0,0,0,5
AJ3B,0,75.68,6,6,0,0,0,0,0,1,0,0,0,0,0,0,5
AJ3B,0,75.89,6,6,0,0,0,0,0,1,0,0,0,0,0,0,5
AJ3B,0,76.09,6,6,0,0,0,0,0,1,0,0,0,0,0,0,5
AJ3B,0,76.29,6,6,0,0,0,0,0,1,0,0,0,0,0,0,5
AJ3B,0,76.5,5,5,0,0,0,0,0,1,0,0,0,0,0,0,4
AJ3B,0,76.7,5,5,0,0,0,0,0,1,0,0,0,0,0,0,4
AJ3B,0,76.9,5,5,0,0,0,0,0,1,0,0,0,0,0,0,4
AJ3B,0,77.10000000000001,5,5,0,0,0,0,0,1,0,0,0,0,0,0,4
AJ3B,0,77.31,5,5,0,0,0,0,0,1,0,0,0,0,0,0,4
AJ3B,0,77.51,5,5,0,0,0,0,0,1,0,0,0,0,0,0,4
AJ3B,0,77.71000000000001,4,4,0,0,0,0,0,1,0,0,0,0,0,0,3
AJ3B,0,77.92,4,4,0,0,0,0,0,1,0,0,0,0,0,0,3
AJ3B,0,78.12,4,4,0,0,0,0,0,1,0,0,0,0,0,0,3
AJ3B,0,78.32000000000001,4,4,0,0,0,0,0,1,0,0,0,0,0,0,3
AJ3B,0,78.53,4,4,0,0,0,0,0,1,0,0,0,0,0,0,3
AJ3B,0,78.73,4,4,0,0,0,0,0,1,0,0,0,0,0,0,3
AJ3B,0,78.93,4,4,0,0,0,0,0,1,0,0,0,0,0,0,3
AJ3B,0,79.14,3,3,0,0,0,0,0,1,0,0,0,0,0,0,2
AJ3B,0,79.34,3,3,0,0,0,0,0,1,0,0,0,0,0,0,2
AJ3B,0,79.54,3,3,0,0,0,0,0,1,0,0,0,0,0,0,2
AJ3B,0,79.75,3,3,0,0,0,0,0,1,0,0,0,0,0,0,2
AJ3B,0,79.95,3,3,0,0,0,0,0,1,0,0,0,0,0,0,2
AJ3B,0,80.15,3,3,0,0,0,0,0,1,0,0,0,0,0,0,2
AJ3B,0,80.35000000000001,2,2,0,0,0,0,0,1,0,0,0,0,0,0,1
AJ3B,0,80.56,2,2,0,0,0,0,0,1,0,0,0,0,0,0,1
AJ3B,0,80.76,2,2,0,0,0,0,0,1,0,0,0,0,0,0,1
AJ3B,0,80.96000000000001,2,2,0,0,0,0,0,1,0,0,0,0,0,0,1
AJ3B,0,81.17,2,2,0,0,0,0,0,1,0,0,0,0,0,0,1
AJ3B,0,81.37,2,2,0,0,0,0,0,1,0,0,0,0,0,0,1
AJ3B,0,81.57000000000001,2,2,0,0,0,0,0,1,0,0,0,0,0,0,1
AJ3B,0,81.78,1,1,0,0,0,0,0,1,0,0,0,0,0,0,0
AJ3B,0,81.98,1,1,0,0,0,0,0,1,0,0,0,0,0,0,0
AJ3B,0,82.18,1,1,0,0,0,0,0,1,0,0,0,0,0,0,0
AJ3B,0,82.39,1,1,0,0,0,0,0,1,0,0,0,0,0,0,0
AJ3B,0,82.59,1,1,0,0,0,0,0,1,0,0,0,0,0,0,0
AJ3B,0,82.79,1,1,0,0,0,0,0,1,0,0,0,0,0,0,0
CJ3A,0,10.0,40,0,0,40,0,0,0,0,0,0,0,40,0,0,0
CJ3A,0,10.200000000000001,40,0,0,40,0,0,0,0,0,0,0,40,0,0,0
CJ3A,0,10.4,40,0,0,40,0,0,0,0,0,0,0,40,0,0,0
CJ3A,0,10.6,40,0,0,40,0,0,0,0,0,0,0,40,0,0,0
CJ3A,0,10.8,40,0,0,40,0,0,0,0,0,0,0,40,0,0,0
CJ3A,0,11.0,40,0,0,40,0,0,0,0,0,0,0,40,0,0,0
CJ3A,0,11.200000000000001,40,0,0,40,0,0,0,0,0,0,0,40,0,0,0
CJ3A,0,11.4,40,0,0,40,0,0,0,0,0,0,0,40,0,0,0
CJ3A,0,11.6,40,0,0,40,0,0,0,0,0,0,0,38,2,0,0
CJ3A,0,11.8,40,0,0,40,0,0,0,0,0,0,0,37,3,0,0
CJ3A,0,12.0,40,0,0,40,0,0,0,0,0,0,0,37,3,0,0
CJ3A,0,12.200000000000001,40,0,0,40,0,0,0,0,0,0,0,37,3,0,0
CJ3A,0,12.4,40,0,0,40,0,0,0,0,0,0,0,37,3,0,0
CJ3A,0,12.6,40,0,0,40,0,0,0,0,0,0,0,36,4,0,0
CJ3A,0,12.8,40,0,0,40,0,0,0,0,0,0,0,36,4,0,0
CJ3A,0,13.0,40,0,0,40,0,0,0,0,0,0,0,36,4,0,0
CJ3A,0,13.200000000000001,40,0,0,40,0,0,0,0,0,0,0,34,6,0,0
CJ3A,0,13.4,40,0,0,40,0,0,0,0,0,0,0,34,6,0,0
CJ3A,0,13.6,40,0,0,40,0,0,1,0,0,0,0,34,5,0,0
CJ3A,0,13.8,40,0,0,39,1,0,1,0,0,0,0,34,5,0,0
CJ3A,0,14.0,40,0,0,39,1,0,1,0,0,0,0,34,5,0,0
CJ3A,0,14.200000000000001,40,0,0,39,1,0,1,0,0,0,0,34,5,0,0
CJ3A,0,14.4,40,0,0,39,1,0,1,0,0,0,0,33,6,0,0
CJ3A,0,14.6,40,0,0,39,1,0,1,0,0,0,0,32,7,0,0
CJ3A,0,14.8,40,0,0,39,1,0,1,0,0,0,0,32,7,0,0
CJ3A,0,15.0,40,0,0,38,2,0,2,0,0,0,0,32,6,0,0
CJ3A,0,15.200000000000001,40,0,0,37,3,0,3,0,0,0,0,32,5,0,0
CJ3A,0,15.4,40,0,0,37,3,0,4,0,0,0,0,32,4,0,0
CJ3A,0,15.6,40,0,0,36,4,0,4,0,0,0,0,32,4,0,0
CJ3A,0,15.8,40,0,0,36,4,0,4,0,0,0,0,32,4,0,0
CJ3A,0,16.0,40,0,0,36,4,0,3,0,0,1,0,31,5,0,0
CJ3A,0,16.2,40,0,0,36,4,0,3,0,0,1,0,29,7,0,0
CJ3A,0,16.4,40,0,0,36,4,0,3,0,0,1,0,29,7,0,0
CJ3A,0,16.6,40,0,0,36,4,0,3,0,0,1,0,29,7,0,0
CJ3A,0,16.8,40,0,0,36,4,0,2,0,0,2,0,29,7,0,0
CJ3A,0,17.0,40,0,0,35,5,0,3,0,0,2,0,29,6,0,0
CJ3A,0,17.2,40,0,0,35,5,0,3,0,0,2,0,29,6,0,0
CJ3A,0,17.400000000000002,40,0,0,35,5,0,3,0,0,2,0,29,6,0,0
CJ3A,0,17.6,40,0,0,35,5,0,2,0,0,3,0,28,7,0,0
CJ3A,0,17.8,40,0,0,35,5,0,3,0,0,3,0,28,6,0,0
CJ3A,0,18.0,40,0,0,34,6,0,4,0,0,3,0,27,6,0,0
CJ3A,0,18.2,40,0,0,33,7,0,4,0,0,3,0,27,6,0,0
CJ3A,0,18.400000000000002,40,0,0,33,7,0,4,0,0,3,0,27,6,0,0
CJ3A,0,18.6,40,0,0,33,7,0,3,0,0,4,0,27,6,0,0
CJ3A,0,18.8,40,0,0,33,7,0,3,0,0,4,0,27,6,0,0
CJ3A,0,19.0,40,0,0,33,7,0,3,0,0,5,0,27,5,0,0
CJ3A,0,19.2,40,0,0,32,8,0,3,0,0,5,0,27,5,0,0
CJ3A,0,19.400000000000002,40,0,0,32,8,0,3,0,0,5,0,25,7,0,0
CJ3A,0,19.6,40,0,0,31,9,0,4,0,0,5,0,25,6,0,0
CJ3A,0,19.8,40,0,0,31,9,0,4,0,0,5,0,24,7,0,0
CJ3A,0,20.0,40,0,0,31,9,0,3,0,0,6,0,24,7,0,0
CJ3A,0,20.2,40,0,0,31,9,0,2,0,0,7,0,24,7,0,0
CJ3A,0,20.400000000000002,40,0,0,30,10,0,3,0,0,7,0,24,6,0,0
CJ3A,0,20.6,40,0,0,30,10,0,3,0,0,7,0,24,6,0,0
CJ3A,0,20.8,40,0,0,30,10,0,2,0,0,8,0,24,6,0,0
CJ3A,0,21.0,40,0,0,30,10,0,2,0,0,8,0,23,7,0,0
CJ3A,0,21.2,40,0,0,29,11,0,3,0,0,8,0,23,6,0,0
CJ3A,0,21.400000000000002,40,0,0,28,12,0,4,0,0,8,0,21,7,0,0
CJ3A,0,21.6,40,0,0,28,12,0,3,0,0,9,0,21,7,0,0
CJ3A,0,21.8,40,0,0,28,12,0,3,0,0,9,0,21,7,0,0
CJ3A,0,22.0,40,0,0,28,12,0,3,0,0,9,0,21,7,0,0
CJ3A,0,22.2,40,0,0,28,12,0,2,0,0,10,0,21,7,0,0
CJ3A,0,22.400000000000002,40,0,0,27,13,0,3,0,0,10,0,21,6,0,0
CJ3A,0,22.6,40,0,0,26,14,0,4,0,0,10,0,20,6,0,0
CJ3A,0,22.8,40,0,0,26,14,0,4,0,0,10,0,20,6,0,0
CJ3A,0,23.0,40,0,0,26,14,0,4,0,0,9,1,20,6,0,0
CJ3A,0,23.2,40,0,0,26,14,0,4,0,0,10,1,18,7,0,0
CJ3A,0,23.400000000000002,40,0,0,25,15,0,3,0,0,11,1,18,7,0,0
CJ3A,0,23.6,40,0,0,25,15,0,3,0,0,11,1,18,7,0,0
CJ3A,0,23.8,40,0,0,25,15,0,3,0,0,11,1,18,7,0,0
CJ3A,0,24.0,40,0,0,25,15,0,2,0,0,12,1,18,7,0,0
CJ3A,0,24.2,40,0,0,25,15,0,2,0,0,12,1,18,7,0,0
CJ3A,0,24.400000000000002,40,0,0,23,17,0,4,0,0,11,2,17,6,0,0
CJ3A,0,24.6,40,0,0,23,17,0,3,0,0,12,2,16,7,0,0
CJ3A,0,24.8,40,0,0,23,17,0,3,0,0,12,2,16,7,0,0
CJ3A,0,25.0,40,0,0,23,17,0,3,0,0,12,2,15,8,0,0
CJ3A,0,25.2,40,0,0,23,17,0,3,0,0,11,3,15,8,0,0
CJ3A,0,25.400000000000002,40,0,0,23,17,0,3,0,0,11,3,15,8,0,0
CJ3A,0,25.6,40,0,0,22,18,0,3,0,0,12,3,15,7,0,0
CJ3A,0,25.8,40,0,0,21,19,0,4,0,0,11,4,15,6,0,0
CJ3A,0,26.0,40,0,0,21,19,0,4,0,0,11,4,15,6,0,0
CJ3A,0,26.2,40,0,0,21,19,0,3,0,0,12,4,15,6,0,0
CJ3A,0,26.400000000000002,40,0,0,20,20,0,4,0,0,12,4,14,6,0,0
CJ3A,0,26.6,40,0,0,20,20,0,3,0,0,13,4,13,7,0,0
CJ3A,0,26.8,40,0,0,20,20,0,3,0,0,13,4,13,7,0,0
CJ3A,0,27.0,40,0,0,20,20,0,3,0,0,12,4,13,7,1,0
CJ3A,0,27.2,40,0,0,19,21,0,4,0,0,12,4,13,6,1,0
CJ3A,0,27.400000000000002,40,0,0,19,21,0,3,0,0,13,4,13,6,1,0
CJ3A,0,27.6,40,0,0,19,21,0,3,0,0,13,4,13,6,1,0
CJ3A,0,27.8,40,0,0,18,22,0,4,0,0,13,4,13,5,1,0
CJ3A,0,28.0,40,0,0,18,22,0,4,0,0,12,5,12,6,1,0
CJ3A,0,28.2,40,0,0,18,22,0,3,0,0,12,6,11,7,1,0
CJ3A,0,28.400000000000002,40,0,0,17,23,0,3,0,0,13,5,11,6,2,0
CJ3A,0,28.6,40,0,0,17,23,0,3,0,0,13,5,11,6,2,0
CJ3A,0,28.8,40,0,0,17,23,0,3,0,0,13,5,11,6,2,0
CJ3A,0,29.0,40,0,0,17,23,0,2,0,0,14,5,11,6,2,0
CJ3A,0,29.2,40,0,0,16,24,0,3,0,0,13,6,11,5,2,0
CJ3A,0,29.400000000000002,40,0,0,16,24,0,3,0,0,13,6,10,6,2,0
CJ3A,0,29.6,40,0,0,16,24,0,4,0,0,12,6,10,5,3,0
CJ3A,0,29.8,40,0,0,15,25,0,3,0,0,13,6,9,6,3,0
CJ3A,0,30.0,40,0,0,15,25,0,2,0,0,14,6,9,6,3,0
CJ3A,0,30.2,40,0,0,15,25,0,2,0,0,14,6,9,6,3,0
CJ3A,0,30.400000000000002,40,0,0,15,25,0,2,0,0,14,5,9,6,4,0
CJ3A,0,30.6,40,0,0,15,25,0,3,0,0,13,6,8,6,4,0
CJ3A,0,30.8,40,0,0,14,26,0,2,0,0,13,7,7,7,4,0
CJ3A,0,31.0,40,0,0,13,27,0,3,0,0,13,7,6,7,4,0
CJ3A,0,31.2,40,0,0,13,27,0,3,0,0,13,7,6,7,4,0
CJ3A,0,31.400000000000002,40,0,0,13,27,0,2,0,0,14,7,6,7,4,0
CJ3A,0,31.6,40,0,0,13,27,0,2,0,0,14,7,6,7,4,0
CJ3A,0,31.8,40,0,0,12,28,0,3,0,0,14,6,6,6,5,0
CJ3A,0,32.0,40,0,0,12,28,0,4,0,0,13,7,6,5,5,0
CJ3A,0,32.2,40,0,0,11,29,0,4,0,0,12,8,5,6,5,0
CJ3A,0,32.410000000000004,40,0,0,11,29,0,3,0,0,13,8,5,6,5,0
CJ3A,0,32.62,40,0,0,11,29,0,3,0,0,13,7,5,6,6,0
CJ3A,0,32.82,40,0,0,11,29,0,2,0,0,14,7,4,7,6,0
CJ3A,0,33.02,40,0,0,11,29,0,2,0,0,14,7,4,7,6,0
CJ3A,0,33.230000000000004,40,0,0,9,31,0,4,0,0,14,6,3,6,7,0
CJ3A,0,33.44,40,0,0,9,31,0,4,0,0,13,7,3,6,7,0
CJ3A,0,33.64,40,0,0,9,31,0,4,0,0,12,8,2,7,7,0
CJ3A,0,33.84,40,0,0,9,31,0,3,0,0,13,8,2,7,7,0
CJ3A,0,34.05,40,0,0,8,32,0,3,0,0,14,8,2,6,7,0
CJ3A,0,34.25,40,0,0,8,32,0,3,0,0,14,8,2,6,7,0
CJ3A,0,34.45,40,0,0,8,32,0,3,0,0,14,8,1,7,7,0
CJ3A,0,34.660000000000004,40,0,1,8,31,0,2,0,0,14,7,0,8,9,0
CJ3A,0,34.87,40,0,1,8,31,0,2,0,0,13,8,0,8,9,0
CJ3A,0,35.07,40,0,1,7,32,0,4,0,0,13,8,0,6,9,0
CJ3A,0,35.27,40,0,1,6,33,0,4,0,0,13,8,0,6,9,0
CJ3A,0,35.480000000000004,40,0,1,6,33,0,3,0,0,14,8,0,6,9,0
CJ3A,0,35.69,40,0,1,6,33,0,3,0,0,13,9,0,6,9,0
CJ3A,0,35.89,40,0,1,6,33,0,3,0,0,13,9,0,6,9,0
CJ3A,0,36.09,40,0,1,6,33,0,3,0,0,12,9,0,6,10,0
CJ3A,0,36.300000000000004,40,0,2,6,32,1,3,0,0,12,8,0,6,10,0
CJ3A,0,36.51,40,0,2,5,33,0,4,0,0,12,8,0,5,11,0
CJ3A,0,36.71,40,0,2,5,33,0,4,0,0,12,8,0,5,11,0
CJ3A,0,36.910000000000004,40,0,2,3,35,0,6,0,0,12,8,0,3,11,0
CJ3A,0,37.12,40,0,2,3,35,0,5,0,0,12,9,0,3,11,0
CJ3A,0,37.32,40,0,2,3,35,0,5,0,0,12,8,0,3,12,0
CJ3A,0,37.52,40,0,2,3,35,0,4,0,0,12,9,0,3,12,0
CJ3A,0,37.730000000000004,40,0,2,3,35,0,3,0,0,13,9,0,3,12,0
CJ3A,0,37.94,40,0,2,3,35,0,4,0,0,13,9,0,2,12,0
CJ3A,0,38.14,40,0,2,2,36,0,4,0,0,13,8,0,2,13,0
CJ3A,0,38.34,40,0,3,2,35,0,3,0,0,14,7,0,2,14,0
CJ3A,0,38.550000000000004,40,0,3,2,35,0,3,0,0,14,7,0,2,14,0
CJ3A,0,38.76,40,0,3,2,35,0,3,0,0,13,8,0,2,14,0
CJ3A,0,38.96,40,0,4,2,34,1,3,0,0,12,9,0,2,13,0
CJ3A,0,39.160000000000004,40,0,4,2,34,0,4,0,0,12,9,0,1,14,0
CJ3A,0,39.37,40,0,4,0,36,0,3,0,0,13,8,0,1,15,0
CJ3A,0,39.57,40,0,4,0,36,0,4,0,0,13,8,0,0,15,0
CJ3A,0,39.77,40,0,4,0,36,0,4,0,0,13,8,0,0,15,0
CJ3A,0,39.980000000000004,40,0,4,0,36,0,3,0,0,14,8,0,0,15,0
CJ3A,0,40.19,40,0,4,0,36,1,3,0,0,13,9,0,0,14,0
CJ3A,0,40.39,40,0,4,0,36,2,3,0,0,13,8,0,0,14,0
CJ3A,0,40.59,40,0,5,0,35,1,3,0,0,13,8,0,0,15,0
CJ3A,0,40.800000000000004,40,0,5,0,35,1,2,0,0,13,8,0,0,16,0
CJ3A,0,41.01,40,0,5,0,35,1,1,0,0,14,8,0,0,16,0
CJ3A,0,41.21,40,0,5,0,35,1,1,0,0,14,8,0,0,16,0
CJ3A,0,41.410000000000004,40,0,5,0,35,1,1,0,0,14,8,0,0,16,0
CJ3A,0,41.62,40,0,6,0,34,1,1,0,0,13,9,0,0,16,0
CJ3A,0,41.82,40,0,6,0,34,1,0,0,0,14,9,0,0,16,0
CJ3A,0,42.02,40,0,6,0,34,0,0,0,0,14,9,0,0,17,0
CJ3A,0,42.230000000000004,40,0,6,0,34,0,0,0,0,14,9,0,0,17,0
CJ3A,0,42.44,40,0,6,0,34,1,0,0,0,14,8,0,0,17,0
CJ3A,0,42.64,40,0,7,0,33,2,0,0,0,14,7,0,0,17,0
CJ3A,0,42.84,40,0,7,0,33,1,0,0,0,14,7,0,0,18,0
CJ3A,0,43.050000000000004,40,0,7,0,33,1,0,0,0,12,9,0,0,18,0
CJ3A,0,43.26,40,0,7,0,33,1,0,0,0,12,9,0,0,18,0
CJ3A,0,43.46,40,0,7,0,33,1,0,0,0,12,9,0,0,18,0
CJ3A,0,43.660000000000004,40,0,7,0,33,1,0,0,0,12,8,0,0,19,0
CJ3A,0,43.87,40,0,7,0,33,1,0,0,0,12,8,0,0,19,0
CJ3A,0,44.07,40,0,8,0,32,2,0,0,0,11,9,0,0,18,0
CJ3A,0,44.27,40,0,8,0,32,1,0,0,0,10,10,0,0,19,0
CJ3A,0,44.480000000000004,40,0,8,0,32,1,0,0,0,10,10,0,0,19,0
CJ3A,0,44.69,40,0,9,0,31,0,0,0,1,10,10,0,0,19,0
CJ3A,0,44.89,40,0,9,0,31,0,0,0,1,10,8,0,0,21,0
CJ3A,0,45.09,40,0,9,0,31,1,0,0,1,10,8,0,0,20,0
CJ3A,0,45.300000000000004,40,0,9,0,31,1,0,0,1,10,8,0,0,20,0
CJ3A,0,45.51,40,0,9,0,31,1,0,0,1,10,8,0,0,20,0
CJ3A,0,45.71,40,0,9,0,31,1,0,0,1,9,9,0,0,20,0
CJ3A,0,45.910000000000004,40,0,9,0,31,1,0,0,1,9,9,0,0,20,0
CJ3A,0,46.12,40,0,9,0,31,1,0,0,2,9,8,0,0,20,0
CJ3A,0,46.32,40,0,10,0,30,2,0,0,2,8,9,0,0,19,0
CJ3A,0,46.52,40,0,10,0,30,1,0,0,2,8,8,0,0,21,0
CJ3A,0,46.730000000000004,40,0,10,0,30,1,0,0,2,8,8,0,0,21,0
CJ3A,0,46.94,40,0,11,0,29,1,0,0,2,8,8,0,0,21,0
CJ3A,0,47.14,40,0,11,0,29,0,0,0,2,8,8,0,0,22,0
CJ3A,0,47.34,40,0,11,0,29,0,0,0,2,7,9,0,0,22,0
CJ3A,0,47.550000000000004,40,0,11,0,29,1,0,0,2,7,9,0,0,21,0
CJ3A,0,47.76,40,0,11,0,29,1,0,0,2,7,8,0,0,22,0
CJ3A,0,47.96,40,0,11,0,29,1,0,0,2,7,8,0,0,22,0
CJ3A,0,48.160000000000004,40,0,11,0,29,1,0,0,2,7,8,0,0,22,0
CJ3A,0,48.370000000000005,40,0,11,0,29,1,0,0,2,6,9,0,0,22,0
CJ3A,0,48.58,40,0,12,0,28,2,0,0,2,6,9,0,0,21,0
CJ3A,0,48.78,40,0,12,0,28,1,0,0,2,5,10,0,0,22,0
CJ3A,0,48.980000000000004,40,0,12,0,28,1,0,0,2,5,9,0,0,23,0
CJ3A,0,49.19,40,0,12,0,28,1,0,0,2,5,8,0,0,24,0
CJ3A,0,49.39,40,0,13,0,27,1,0,0,2,5,8,0,0,24,0
CJ3A,0,49.59,39,0,12,0,27,1,0,0,1,5,8,0,0,24,0
CJ3A,0,49.800000000000004,39,0,12,0,27,1,0,0,1,5,8,0,0,24,0
CJ3A,0,50.01,39,0,12,0,27,2,0,0,1,4,9,0,0,23,0
CJ3A,0,50.21,39,0,12,0,27,1,0,0,2,4,9,0,0,23,0
CJ3A,0,50.410000000000004,39,0,13,0,26,2,0,0,2,4,8,0,0,23,0
CJ3A,0,50.620000000000005,39,0,13,0,26,1,0,0,2,4,8,0,0,24,0
CJ3A,0,50.83,39,0,13,0,26,1,0,0,2,3,9,0,0,24,0
CJ3A,0,51.03,38,0,12,0,26,1,0,0,1,2,10,0,0,24,0
CJ3A,0,51.230000000000004,38,0,12,0,26,1,0,0,1,2,10,0,0,24,0
CJ3A,0,51.44,38,0,12,0,26,1,0,0,1,2,10,0,0,24,0
CJ3A,0,51.64,38,0,12,0,26,1,0,0,2,2,9,0,0,24,0
CJ3A,0,51.84,38,0,13,0,25,1,0,0,2,2,8,0,0,25,0
CJ3A,0,52.050000000000004,38,0,13,0,25,1,0,0,2,2,8,0,0,25,0
CJ3A,0,52.26,38,0,13,0,25,1,0,0,2,2,8,0,0,25,0
CJ3A,0,52.46,38,0,13,0,25,0,0,0,2,2,8,0,0,26,0
CJ3A,0,52.660000000000004,38,0,14,0,24,1,0,0,2,1,9,0,0,25,0
CJ3A,0,52.870000000000005,38,0,14,0,24,1,0,0,3,1,9,0,0,24,0
CJ3A,0,53.08,38,0,14,0,24,1,0,0,3,1,8,0,0,25,0
CJ3A,0,53.28,38,0,14,0,24,1,0,0,3,1,7,0,0,26,0
CJ3A,0,53.480000000000004,38,0,14,0,24,1,0,0,3,1,7,0,0,26,0
CJ3A,0,53.69,38,0,14,0,24,1,0,0,3,1,7,0,0,26,0
CJ3A,0,53.89,38,0,14,0,24,1,0,0,3,1,7,0,0,26,0
CJ3A,0,54.09,38,0,14,0,24,1,0,0,3,1,6,0,0,27,0
CJ3A,0,54.300000000000004,38,0,15,0,23,1,0,0,4,1,6,0,0,26,0
CJ3A,0,54.51,38,0,15,0,23,1,0,0,4,1,6,0,0,26,0
CJ3A,0,54.71,38,0,15,0,23,1,0,0,4,0,6,0,0,27,0
CJ3A,0,54.910000000000004,37,0,15,0,22,1,0,0,3,0,6,0,0,27,0
CJ3A,0,55.120000000000005,37,0,15,0,22,1,0,0,3,0,6,0,0,27,0
CJ3A,0,55.33,37,0,15,0,22,1,0,0,3,0,6,0,0,27,0
CJ3A,0,55.53,37,0,15,0,22,1,0,0,4,0,6,0,0,26,0
CJ3A,0,55.730000000000004,37,0,15,0,22,1,0,0,4,0,6,0,0,26,0
CJ3A,0,55.94,37,0,15,0,22,1,0,0,4,0,6,0,0,26,0
CJ3A,0,56.14,37,0,15,0,22,1,0,0,4,0,6,0,0,26,0
CJ3A,0,56.34,36,0,15,0,21,2,0,0,4,0,5,0,0,25,0
CJ3A,0,56.550000000000004,36,0,15,0,21,1,0,0,4,0,5,0,0,26,0
CJ3A,0,56.76,36,0,16,0,20,1,0,0,4,0,5,0,0,26,0
CJ3A,0,56.96,36,0,16,0,20,0,0,0,5,0,5,0,0,26,0
CJ3A,0,57.160000000000004,36,0,16,0,20,0,0,0,5,0,5,0,0,26,0
CJ3A,0,57.370000000000005,36,0,16,0,20,0,0,0,5,0,5,0,0,26,0
CJ3A,0,57.58,35,0,15,0,20,1,0,0,4,0,5,0,0,25,0
CJ3A,0,57.78,35,0,15,0,20,1,0,0,4,0,5,0,0,25,0
CJ3A,0,57.980000000000004,35,0,15,0,20,1,0,0,4,0,5,0,0,25,0
CJ3A,0,58.19,35,0,15,0,20,1,0,0,5,0,5,0,0,24,0
CJ3A,0,58.39,35,0,15,0,20,1,0,0,5,0,4,0,0,25,0
CJ3A,0,58.59,35,0,16,0,19,2,0,0,5,0,4,0,0,24,0
CJ3A,0,58.800000000000004,35,0,16,0,19,1,0,0,5,0,4,0,0,25,0
CJ3A,0,59.01,34,0,16,0,18,0,0,0,4,0,4,0,0,26,0
CJ3A,0,59.21,34,0,16,0,18,0,0,0,4,0,4,0,0,26,0
CJ3A,0,59.410000000000004,34,0,16,0,18,0,0,0,4,0,4,0,0,26,0
CJ3A,0,59.620000000000005,34,0,16,0,18,1,0,0,5,0,4,0,0,24,0
CJ3A,0,59.83,34,0,16,0,18,1,0,0,5,0,4,0,0,24,0
CJ3A,0,60.03,34,0,16,0,18,2,0,0,5,0,3,0,0,24,0
CJ3A,0,60.230000000000004,33,0,16,0,17,3,0,0,4,0,3,0,0,23,0
CJ3A,0,60.44,33,0,16,0,17,2,0,0,4,0,3,0,0,24,0
CJ3A,0,60.64,33,0,16,0,17,2,0,0,4,0,3,0,0,24,0
CJ3A,0,60.84,33,0,16,0,17,2,0,0,5,0,3,0,0,23,0
CJ3A,0,61.050000000000004,33,0,16,0,17,2,0,0,5,0,3,0,0,23,0
CJ3A,0,61.26,33,0,16,0,17,2,0,0,5,0,3,0,0,23,0
CJ3A,0,61.46,32,0,15,0,17,3,0,0,4,0,3,0,0,22,0
CJ3A,0,61.660000000000004,31,0,15,0,16,2,0,0,3,0,3,0,0,23,0
CJ3A,0,61.870000000000005,31,0,15,0,16,1,0,0,3,0,3,0,0,24,0
CJ3A,0,62.08,31,0,15,0,16,2,0,0,3,0,2,0,0,24,0
CJ3A,0,62.28,31,0,16,0,15,2,0,0,4,0,2,0,0,23,0
CJ3A,0,62.480000000000004,31,0,16,0,15,2,0,0,4,0,2,0,0,23,0
CJ3A,0,62.690000000000005,31,0,16,0,15,3,0,0,4,0,2,0,0,22,0
CJ3A,0,62.9,30,0,15,0,15,4,0,0,3,0,2,0,0,21,0
CJ3A,0,63.1,30,0,16,0,14,3,0,0,3,0,2,0,0,22,0
CJ3A,0,63.300000000000004,30,0,16,0,14,2,0,0,3,0,2,0,0,23,0
CJ3A,0,63.51,30,0,16,0,14,2,0,0,4,0,2,0,0,22,0
CJ3A,0,63.71,30,0,16,0,14,2,0,0,4,0,2,0,0,22,0
CJ3A,0,63.910000000000004,30,0,16,0,14,2,0,0,4,0,2,0,0,22,0
CJ3A,0,64.11,30,0,17,0,13,2,0,0,4,0,2,0,0,22,0
CJ3A,0,64.31,29,0,16,0,13,1,0,0,3,0,1,0,0,24,0
CJ3A,0,64.51,29,0,16,0,13,1,0,0,3,0,1,0,0,24,0
CJ3A,0,64.71000000000001,29,0,17,0,12,2,0,0,3,0,1,0,0,23,0
CJ3A,0,64.92,29,0,17,0,12,2,0,0,4,0,1,0,0,22,0
CJ3A,0,65.12,29,0,17,0,12,3,0,0,4,0,1,0,0,21,0
CJ3A,0,65.32000000000001,29,0,17,0,12,2,0,0,4,0,1,0,0,22,0
CJ3A,0,65.53,28,0,16,0,12,2,0,0,3,0,1,0,0,22,0
CJ3A,0,65.73,28,0,16,0,12,2,0,0,3,0,1,0,0,22,0
CJ3A,0,65.93,28,0,16,0,12,2,0,0,3,0,1,0,0,22,0
CJ3A,0,66.14,28,0,16,0,12,2,0,0,3,0,1,0,0,22,0
CJ3A,0,66.34,28,0,16,0,12,1,0,0,4,0,0,0,0,23,0
CJ3A,0,66.54,28,0,16,0,12,1,0,0,5,0,0,0,0,22,0
CJ3A,0,66.75,28,0,17,0,11,2,0,0,5,0,0,0,0,21,0
CJ3A,0,66.95,27,0,16,0,11,2,0,0,4,0,0,0,0,21,0
CJ3A,0,67.15,27,0,17,0,10,2,0,0,4,0,0,0,0,21,0
CJ3A,0,67.36,27,0,17,0,10,2,0,0,4,0,0,0,0,21,0
CJ3A,0,67.56,27,0,17,0,10,2,0,0,5,0,0,0,0,20,0
CJ3A,0,67.76,27,0,17,0,10,3,0,0,5,0,0,0,0,19,0
CJ3A,0,67.96000000000001,27,0,17,0,10,3,0,0,5,0,0,0,0,19,0
CJ3A,0,68.17,26,0,16,0,10,2,0,0,4,0,0,0,0,20,0
CJ3A,0,68.37,26,0,16,0,10,2,0,0,4,0,0,0,0,20,0
CJ3A,0,68.57000000000001,26,0,16,0,10,2,0,0,4,0,0,0,0,20,0
CJ3A,0,68.78,26,0,16,0,10,2,0,0,4,0,0,0,0,20,0
CJ3A,0,68.98,26,0,16,0,10,2,0,0,5,0,0,0,0,19,0
CJ3A,0,69.18,26,0,16,0,10,2,0,0,5,0,0,0,0,19,0
CJ3A,0,69.39,26,0,16,0,10,2,0,0,5,0,0,0,0,19,0
CJ3A,0,69.59,25,0,15,0,10,1,0,0,4,0,0,0,0,20,0
CJ3A,0,69.79,25,0,15,0,10,2,0,0,4,0,0,0,0,19,0
CJ3A,0,70.0,25,0,16,0,9,3,0,0,4,0,0,0,0,18,0
CJ3A,0,70.2,25,0,17,0,8,1,0,0,5,0,0,0,0,19,0
CJ3A,0,70.4,25,0,17,0,8,3,0,0,5,0,0,0,0,17,0
CJ3A,0,70.60000000000001,25,0,17,0,8,2,0,0,5,0,0,0,0,18,0
CJ3A,0,70.81,24,0,16,0,8,2,0,0,4,0,0,0,0,18,0
CJ3A,0,71.01,24,0,16,0,8,2,0,0,4,0,0,0,0,18,0
CJ3A,0,71.21000000000001,23,0,15,0,8,2,0,0,3,0,0,0,0,18,0
CJ3A,0,71.42,23,0,15,0,8,2,0,0,3,0,0,0,0,18,0
CJ3A,0,71.62,23,0,16,0,7,2,0,0,4,0,0,0,0,17,0
CJ3A,0,71.82000000000001,23,0,16,0,7,2,0,0,4,0,0,0,0,17,0
CJ3A,0,72.03,23,0,16,0,7,2,0,0,5,0,0,0,0,16,0
CJ3A,0,72.23,23,0,16,0,7,1,0,0,5,0,0,0,0,17,0
CJ3A,0,72.43,22,0,15,0,7,1,0,0,4,0,0,0,0,17,0
CJ3A,0,72.64,22,0,16,0,6,1,0,0,4,0,0,0,0,17,0
CJ3A,0,72.84,22,0,16,0,6,1,0,0,5,0,0,0,0,16,0
CJ3A,0,73.04,22,0,16,0,6,2,0,0,5,0,0,0,0,15,0
CJ3A,0,73.25,22,0,16,0,6,2,0,0,5,0,0,0,0,15,0
CJ3A,0,73.45,22,0,16,0,6,3,0,0,6,0,0,0,0,13,0
CJ3A,0,73.65,21,0,16,0,5,3,0,0,5,0,0,0,0,13,0
CJ3A,0,73.85000000000001,21,0,16,0,5,1,0,0,5,0,0,0,0,15,0
CJ3A,0,74.06,21,0,16,0,5,1,0,0,5,0,0,0,0,15,0
CJ3A,0,74.26,21,0,16,0,5,1,0,0,5,0,0,0,0,15,0
CJ3A,0,74.46000000000001,21,0,16,0,5,1,0,0,5,0,0,0,0,15,0
CJ3A,0,74.67,21,0,16,0,5,2,0,0,6,0,0,0,0,13,0
CJ3A,0,74.87,20,0,16,0,4,2,0,0,5,0,0,0,0,13,0
CJ3A,0,75.07000000000001,20,0,16,0,4,1,0,0,5,0,0,0,0,14,0
CJ3A,0,75.28,20,0,17,0,3,0,0,0,5,0,0,0,0,15,0
CJ3A,0,75.48,20,0,17,0,3,1,0,0,5,0,0,0,0,14,0
CJ3A,0,75.68,20,0,17,0,3,1,0,0,5,0,0,0,0,14,0
CJ3A,0,75.89,20,0,17,0,3,1,0,0,5,0,0,0,0,14,0
CJ3A,0,76.09,20,0,17,0,3,0,0,0,6,0,0,0,0,14,0
CJ3A,0,76.29,19,0,16,0,3,0,0,0,5,0,0,0,0,14,0
CJ3A,0,76.5,19,0,17,0,2,1,0,0,5,0,0,0,0,13,0
CJ3A,0,76.7,18,0,16,0,2,0,0,0,4,0,0,0,0,14,0
CJ3A,0,76.9,18,0,16,0,2,0,0,0,4,0,0,0,0,14,0
CJ3A,0,77.10000000000001,18,0,16,0,2,0,0,0,4,0,0,0,0,14,0
CJ3A,0,77.31,18,0,16,0,2,0,0,0,5,0,0,0,0,13,0
CJ3A,0,77.51,18,0,16,0,2,0,0,0,5,0,0,0,0,13,0
CJ3A,0,77.71000000000001,17,0,15,0,2,0,0,0,4,0,0,0,0,13,0
CJ3A,0,77.92,17,0,16,0,1,1,0,0,4,0,0,0,0,12,0
CJ3A,0,78.12,16,0,15,0,1,0,0,0,3,0,0,0,0,13,0
CJ3A,0,78.32000000000001,16,0,15,0,1,0,0,0,3,0,0,0,0,13,0
CJ3A,0,78.53,16,0,15,0,1,0,0,0,3,0,0,0,0,13,0
CJ3A,0,78.73,16,0,15,0,1,0,0,0,4,0,0,0,0,12,0
CJ3A,0,78.93,16,0,15,0,1,0,0,0,4,0,0,0,0,12,0
CJ3A,0,79.14,16,0,15,0,1,0,0,0,4,0,0,0,0,12,0
CJ3A,0,79.34,15,0,14,0,1,0,0,0,3,0,0,0,0,12,0
CJ3A,0,79.54,15,0,15,0,0,0,0,0,3,0,0,0,0,12,0
CJ3A,0,79.75,15,0,15,0,0,0,0,0,3,0,0,0,0,12,0
CJ3A,0,79.95,15,0,15,0,0,0,0,0,3,0,0,0,0,12,0
CJ3A,0,80.15,15,0,15,0,0,0,0,0,4,0,0,0,0,11,0
CJ3A,0,80.35000000000001,15,0,15,0,0,0,0,0,4,0,0,0,0,11,0
CJ3A,0,80.56,15,0,15,0,0,0,0,0,4,0,0,0,0,11,0
CJ3A,0,80.76,14,0,14,0,0,0,0,0,3,0,0,0,0,11,0
CJ3A,0,80.96000000000001,14,0,14,0,0,0,0,0,3,0,0,0,0,11,0
CJ3A,0,81.17,14,0,14,0,0,0,0,0,3,0,0,0,0,11,0
CJ3A,0,81.37,14,0,14,0,0,0,0,0,4,0,0,0,0,10,0
CJ3A,0,81.57000000000001,14,0,14,0,0,0,0,0,4,0,0,0,0,10,0
CJ3A,0,81.78,14,0,14,0,0,0,0,0,4,0,0,0,0,10,0
CJ3A,0,81.98,13,0,13,0,0,0,0,0,3,0,0,0,0,10,0
CJ3A,0,82.18,13,0,13,0,0,0,0,0,3,0,0,0,0,10,0
CJ3A,0,82.39,13,0,13,0,0,0,0,0,4,0,0,0,0,9,0
CJ3A,0,82.59,13,0,13,0,0,0,0,0,4,0,0,0,0,9,0
CJ3A,0,82.79,13,0,13,0,0,0,0,0,5,0,0,0,0,8,0
CJ3A,0,83.0,13,0,13,0,0,0,0,0,5,0,0,0,0,8,0
CJ3A,0,83.2,13,0,13,0,0,0,0,0,5,0,0,0,0,8,0
CJ3A,0,83.4,12,0,12,0,0,0,0,0,4,0,0,0,0,8,0
CJ3A,0,83.60000000000001,12,0,12,0,0,0,0,0,4,0,0,0,0,8,0
CJ3A,0,83.81,12,0,12,0,0,0,0,0,5,0,0,0,0,7,0
CJ3A,0,84.01,12,0,12,0,0,0,0,0,6,0,0,0,0,6,0
CJ3A,0,84.21000000000001,12,0,12,0,0,0,0,0,6,0,0,0,0,6,0
CJ3A,0,84.42,12,0,12,0,0,0,0,0,6,0,0,0,0,6,0
CJ3A,0,84.62,11,0,11,0,0,0,0,0,5,0,0,0,0,6,0
CJ3A,0,84.82000000000001,11,0,11,0,0,0,0,0,5,0,0,0,0,6,0
CJ3A,0,85.03,11,0,11,0,0,0,0,0,6,0,0,0,0,5,0
CJ3A,0,85.23,11,0,11,0,0,0,0,0,6,0,0,0,0,5,0
CJ3A,0,85.43,11,0,11,0,0,0,0,0,7,0,0,0,0,4,0
CJ3A,0,85.64,11,0,11,0,0,0,0,0,7,0,0,0,0,4,0
CJ3A,0,85.84,11,0,11,0,0,0,0,0,7,0,0,0,0,4,0
CJ3A,0,86.04,10,0,10,0,0,0,0,0,6,0,0,0,0,4,0
CJ3A,0,86.25,10,0,10,0,0,0,0,0,6,0,0,0,0,4,0
CJ3A,0,86.45,10,0,10,0,0,0,0,0,7,0,0,0,0,3,0
CJ3A,0,86.65,10,0,10,0,0,0,0,0,7,0,0,0,0,3,0
CJ3A,0,86.85000000000001,10,0,10,0,0,0,0,0,7,0,0,0,0,3,0
CJ3A,0,87.06,10,0,10,0,0,0,0,0,7,0,0,0,0,3,0
CJ3A,0,87.26,8,0,8,0,0,0,0,0,5,0,0,0,0,3,0
CJ3A,0,87.46000000000001,8,0,8,0,0,0,0,0,5,0,0,0,0,3,0
CJ3A,0,87.67,8,0,8,0,0,0,0,0,5,0,0,0,0,3,0
CJ3A,0,87.87,8,0,8,0,0,0,0,0,6,0,0,0,0,2,0
CJ3A,0,88.07000000000001,8,0,8,0,0,0,0,0,6,0,0,0,0,2,0
CJ3A,0,88.28,8,0,8,0,0,0,0,0,6,0,0,0,0,2,0
CJ3A,0,88.48,7,0,7,0,0,0,0,0,5,0,0,0,0,2,0
CJ3A,0,88.68,6,0,6,0,0,0,0,0,4,0,0,0,0,2,0
CJ3A,0,88.89,6,0,6,0,0,0,0,0,5,0,0,0,0,1,0
CJ3A,0,89.09,6,0,6,0,0,0,0,0,6,0,0,0,0,0,0
CJ3A,0,89.29,6,0,6,0,0,0,0,0,6,0,0,0,0,0,0
CJ3A,0,89.5,6,0,6,0,0,0,0,0,6,0,0,0,0,0,0
CJ3A,0,89.7,6,0,6,0,0,0,0,0,6,0,0,0,0,0,0
CJ3A,0,89.9,5,0,5,0,0,0,0,0,5,0,0,0,0,0,0
CJ3A,0,90.10000000000001,4,0,4,0,0,0,0,0,4,0,0,0,0,0,0
CJ3A,0,90.31,4,0,4,0,0,0,0,0,4,0,0,0,0,0,0
CJ3A,0,90.51,4,0,4,0,0,0,0,0,4,0,0,0,0,0,0
CJ3A,0,90.71000000000001,4,0,4,0,0,0,0,0,4,0,0,0,0,0,0
CJ3A,0,90.92,4,0,4,0,0,0,0,0,4,0,0,0,0,0,0
CJ3A,0,91.12,3,0,3,0,0,0,0,0,3,0,0,0,0,0,0
CJ3A,0,91.32000000000001,3,0,3,0,0,0,0,0,3,0,0,0,0,0,0
CJ3A,0,91.53,3,0,3,0,0,0,0,0,3,0,0,0,0,0,0
CJ3A,0,91.73,3,0,3,0,0,0,0,0,3,0,0,0,0,0,0
CJ3A,0,91.93,3,0,3,0,0,0,0,0,3,0,0,0,0,0,0
CJ3A,0,92.14,3,0,3,0,0,0,0,0,3,0,0,0,0,0,0
CJ3A,0,92.34,3,0,3,0,0,0,0,0,3,0,0,0,0,0,0
CJ3A,0,92.54,2,0,2,0,0,0,0,0,2,0,0,0,0,0,0
CJ3A,0,92.75,2,0,2,0,0,0,0,0,2,0,0,0,0,0,0
CJ3A,0,92.95,2,0,2,0,0,0,0,0,2,0,0,0,0,0,0
CJ3A,0,93.15,2,0,2,0,0,0,0,0,2,0,0,0,0,0,0
CJ3A,0,93.35000000000001,2,0,2,0,0,0,0,0,2,0,0,0,0,0,0
CJ3A,0,93.56,2,0,2,0,0,0,0,0,2,0,0,0,0,0,0
