incident,nominal_C_route_class,policies_in_class,successful_policies,best_time_policy,best_time,best_reward_policy,best_reward
B_route_08,J2>C,15,13,ACB,69.57000000000001,ACB,-0.5408650793650793
B_route_08,J2>J1>A,4,4,AJ1B,78.98,AJ1B,-0.609015873015873
B_route_08,J2>J1>C,4,4,CJ1B,86.53,CJ1B,-0.6660396825396825
B_route_08,J2>J1>J3>A,1,1,J3J1A,144.97,J3J1A,-1.0942777777777777
B_route_08,J2>J1>J3>B,1,1,J3J1B,131.28,J3J1B,-0.9924285714285712
B_route_08,J2>J3>A,4,3,CJ3A,65.52,CJ3A,-0.5151904761904761
B_route_08,J2>J3>B,4,4,AJ3B,90.66,AJ3B,-0.6743015873015872
B_route_08,J2>J3>J1>A,1,1,AJ3J1,87.36,AJ3J1,-0.6734285714285714
B_route_08,J2>J3>J1>C,1,1,CJ3J1,81.12,CJ3J1,-0.632015873015873
C_exit,J2>C,15,10,J3CB,111.25,ACB,-0.8374206349206349
C_exit,J2>J1>A,4,4,AJ1B,77.24,AJ1B,-0.6088730158730158
C_exit,J2>J1>C,4,0,CJ1J2,180.0,CJ1J2,-1.4103174603174604
C_exit,J2>J1>J3>A,1,1,J3J1A,167.28,J3J1A,-1.2674285714285713
C_exit,J2>J1>J3>B,1,1,J3J1B,93.02,J3J1B,-0.7310634920634921
C_exit,J2>J3>A,4,4,AJ3A,76.72,AJ3A,-0.6103492063492063
C_exit,J2>J3>B,4,4,AJ3B,67.36,AJ3B,-0.5333492063492064
C_exit,J2>J3>J1>A,1,1,AJ3J1,83.95,AJ3J1,-0.6604365079365079
C_exit,J2>J3>J1>C,1,0,CJ3J1,180.0,CJ3J1,-1.4968253968253964
bottom_loop_left,J2>C,15,13,ACB,69.96000000000001,ACB,-0.543031746031746
bottom_loop_left,J2>J1>A,4,4,AJ1B,77.85000000000001,AJ1B,-0.6031349206349207
bottom_loop_left,J2>J1>C,4,4,CJ1J2,86.61,CJ1B,-0.6709126984126984
bottom_loop_left,J2>J1>J3>A,1,1,J3J1A,147.12,J3J1A,-1.1189206349206349
bottom_loop_left,J2>J1>J3>B,1,1,J3J1B,94.93,J3J1B,-0.7349285714285714
bottom_loop_left,J2>J3>A,4,2,AJ3A,87.97,AJ3A,-0.6736428571428571
bottom_loop_left,J2>J3>B,4,3,AJ3B,82.95,AJ3B,-0.6338492063492064
bottom_loop_left,J2>J3>J1>A,1,1,AJ3J1,91.21000000000001,AJ3J1,-0.6968015873015874
bottom_loop_left,J2>J3>J1>C,1,1,CJ3J1,92.14,CJ3J1,-0.7099047619047618
