action,policy,incident,surge_room,surge_count,surge_time,elapsed_time,remaining_agents,episode_reward,error
21,CJ3A,B_route_08,A,20,10.0,57.34,0,-0.45698148148148154,
11,CCB,B_route_08,A,20,10.0,59.79,0,-0.4872592592592592,
14,CCA,B_route_08,A,20,10.0,59.79,0,-0.4742962962962963,
0,ACB,B_route_08,A,20,10.0,60.03,0,-0.47377777777777774,
2,ACJ2,B_route_08,A,20,10.0,60.03,0,-0.48303703703703704,
15,CJ1B,B_route_08,A,20,10.0,60.11,0,-0.4964444444444445,
18,CJ1A,B_route_08,A,20,10.0,60.11,0,-0.48348148148148146,
13,CCJ2,B_route_08,A,20,10.0,66.35,0,-0.544074074074074,
12,CCJ1,B_route_08,A,20,10.0,66.78,0,-0.544148148148148,
20,CJ3J1,B_route_08,A,20,10.0,67.68,0,-0.5607222222222223,
3,ACA,B_route_08,A,20,10.0,68.64,0,-0.5410555555555556,
1,ACJ1,B_route_08,A,20,10.0,68.88,0,-0.5428518518518518,
16,CJ1J1,B_route_08,A,20,10.0,70.66,0,-0.5823703703703703,
4,AJ1B,B_route_08,A,20,10.0,70.69,0,-0.5635555555555556,
8,AJ3B,B_route_08,A,20,10.0,75.47,0,-0.591037037037037,
19,CJ3B,B_route_08,A,20,10.0,75.47,0,-0.5965925925925926,
17,CJ1J2,B_route_08,A,20,10.0,78.54,0,-0.6335555555555556,
5,AJ1J1,B_route_08,A,20,10.0,81.31,0,-0.6531111111111112,
7,AJ1A,B_route_08,A,20,10.0,81.39,0,-0.6498518518518518,
10,AJ3A,B_route_08,A,20,10.0,82.42,0,-0.6583518518518517,
6,AJ1J2,B_route_08,A,20,10.0,82.44,0,-0.6654074074074074,
9,AJ3J1,B_route_08,A,20,10.0,85.31,0,-0.6850555555555554,
27,J2J3A,B_route_08,A,20,10.0,91.66,0,-0.7245,
29,J3CJ2,B_route_08,A,20,10.0,103.58,0,-0.8374814814814814,
28,J3CB,B_route_08,A,20,10.0,128.86,0,-1.003388888888889,
26,J2J3B,B_route_08,A,20,10.0,155.02,0,-1.2528888888888887,
31,J3J1B,B_route_08,A,20,10.0,157.05,0,-1.2706481481481482,
33,J3J3B,B_route_08,A,20,10.0,158.81,0,-1.2882962962962963,
34,J3J3A,B_route_08,A,20,10.0,170.43,0,-1.401925925925926,
22,J2CB,B_route_08,A,20,10.0,180.0,4,-1.435185185185185,
23,J2CJ1,B_route_08,A,20,10.0,180.0,66,-1.643518518518518,
24,J2CJ2,B_route_08,A,20,10.0,180.0,60,-1.6546296296296295,
25,J2CA,B_route_08,A,20,10.0,180.0,4,-1.422222222222222,
30,J3CA,B_route_08,A,20,10.0,180.0,2,-1.3212962962962966,
32,J3J1A,B_route_08,A,20,10.0,180.0,12,-1.5384259259259259,
0,ACB,B_route_08,A,30,10.0,63.38,0,-0.5029658119658119,
2,ACJ2,B_route_08,A,30,10.0,63.38,0,-0.5115128205128205,
15,CJ1B,B_route_08,A,30,10.0,65.49,0,-0.539474358974359,
18,CJ1A,B_route_08,A,30,10.0,65.49,0,-0.527508547008547,
21,CJ3A,B_route_08,A,30,10.0,65.54,0,-0.5162478632478632,
11,CCB,B_route_08,A,30,10.0,65.6,0,-0.5311111111111111,
14,CCA,B_route_08,A,30,10.0,65.6,0,-0.519145299145299,
13,CCJ2,B_route_08,A,30,10.0,70.53,0,-0.5790128205128205,
20,CJ3J1,B_route_08,A,30,10.0,71.9,0,-0.596025641025641,
1,ACJ1,B_route_08,A,30,10.0,72.9,0,-0.5785042735042736,
12,CCJ1,B_route_08,A,30,10.0,73.24,0,-0.5932136752136752,
8,AJ3B,B_route_08,A,30,10.0,75.47,0,-0.5991923076923077,
19,CJ3B,B_route_08,A,30,10.0,75.47,0,-0.6073119658119659,
3,ACA,B_route_08,A,30,10.0,75.95,0,-0.5980128205128206,
16,CJ1J1,B_route_08,A,30,10.0,76.31,0,-0.627363247863248,
4,AJ1B,B_route_08,A,30,10.0,77.45,0,-0.6170299145299145,
17,CJ1J2,B_route_08,A,30,10.0,79.67,0,-0.6520128205128206,
7,AJ1A,B_route_08,A,30,10.0,86.29,0,-0.6917820512820513,
6,AJ1J2,B_route_08,A,30,10.0,86.3,0,-0.7003846153846154,
5,AJ1J1,B_route_08,A,30,10.0,86.64,0,-0.6984273504273504,
9,AJ3J1,B_route_08,A,30,10.0,91.12,0,-0.7331452991452991,
10,AJ3A,B_route_08,A,30,10.0,92.54,0,-0.747017094017094,
27,J2J3A,B_route_08,A,30,10.0,98.95,0,-0.7856196581196581,
29,J3CJ2,B_route_08,A,30,10.0,108.09,0,-0.8821239316239318,
28,J3CB,B_route_08,A,30,10.0,141.82,0,-1.1092564102564104,
30,J3CA,B_route_08,A,30,10.0,156.62,0,-1.2525897435897437,
26,J2J3B,B_route_08,A,30,10.0,168.5,0,-1.3647435897435898,
31,J3J1B,B_route_08,A,30,10.0,169.02,0,-1.3693418803418804,
33,J3J3B,B_route_08,A,30,10.0,170.97,0,-1.3891495726495728,
22,J2CB,B_route_08,A,30,10.0,180.0,14,-1.4837606837606838,
23,J2CJ1,B_route_08,A,30,10.0,180.0,79,-1.6824786324786318,
24,J2CJ2,B_route_08,A,30,10.0,180.0,77,-1.6811965811965806,
25,J2CA,B_route_08,A,30,10.0,180.0,14,-1.471794871794872,
32,J3J1A,B_route_08,A,30,10.0,180.0,30,-1.5999999999999996,
34,J3J3A,B_route_08,A,30,10.0,180.0,47,-1.60042735042735,
0,ACB,B_route_08,A,40,10.0,70.60000000000001,0,-0.5565079365079366,
2,ACJ2,B_route_08,A,40,10.0,70.60000000000001,0,-0.5644444444444445,
11,CCB,B_route_08,A,40,10.0,70.86,0,-0.571047619047619,
14,CCA,B_route_08,A,40,10.0,70.86,0,-0.559936507936508,
21,CJ3A,B_route_08,A,40,10.0,71.84,0,-0.5653809523809524,
15,CJ1B,B_route_08,A,40,10.0,74.2,0,-0.6011111111111112,
18,CJ1A,B_route_08,A,40,10.0,74.2,0,-0.59,
13,CCJ2,B_route_08,A,40,10.0,75.46000000000001,0,-0.6196190476190477,
8,AJ3B,B_route_08,A,40,10.0,75.47,0,-0.6105476190476191,
19,CJ3B,B_route_08,A,40,10.0,75.47,0,-0.6188809523809524,
12,CCJ1,B_route_08,A,40,10.0,78.54,0,-0.6363333333333334,
16,CJ1J1,B_route_08,A,40,10.0,79.71000000000001,0,-0.6587063492063493,
20,CJ3J1,B_route_08,A,40,10.0,79.74,0,-0.6545079365079366,
3,ACA,B_route_08,A,40,10.0,80.02,0,-0.631063492063492,
4,AJ1B,B_route_08,A,40,10.0,80.21000000000001,0,-0.6452142857142859,
1,ACJ1,B_route_08,A,40,10.0,81.56,0,-0.6471587301587303,
17,CJ1J2,B_route_08,A,40,10.0,82.91,0,-0.6883888888888889,
7,AJ1A,B_route_08,A,40,10.0,94.14,0,-0.7575238095238095,
9,AJ3J1,B_route_08,A,40,10.0,95.42,0,-0.7729682539682539,
6,AJ1J2,B_route_08,A,40,10.0,95.82000000000001,0,-0.7791587301587302,
10,AJ3A,B_route_08,A,40,10.0,96.2,0,-0.7780952380952382,
5,AJ1J1,B_route_08,A,40,10.0,99.29,0,-0.7956587301587301,
27,J2J3A,B_route_08,A,40,10.0,105.51,0,-0.8433095238095238,
29,J3CJ2,B_route_08,A,40,10.0,115.37,0,-0.942531746031746,
28,J3CB,B_route_08,A,40,10.0,156.13,0,-1.224531746031746,
22,J2CB,B_route_08,A,40,10.0,180.0,57,-1.566269841269841,
23,J2CJ1,B_route_08,A,40,10.0,180.0,90,-1.7130952380952373,
24,J2CJ2,B_route_08,A,40,10.0,180.0,91,-1.7265873015873008,
25,J2CA,B_route_08,A,40,10.0,180.0,57,-1.55515873015873,
26,J2J3B,B_route_08,A,40,10.0,180.0,2,-1.4666666666666668,
30,J3CA,B_route_08,A,40,10.0,180.0,13,-1.4753968253968255,
31,J3J1B,B_route_08,A,40,10.0,180.0,3,-1.4726190476190477,
32,J3J1A,B_route_08,A,40,10.0,180.0,71,-1.6853174603174594,
33,J3J3B,B_route_08,A,40,10.0,180.0,4,-1.4797619047619048,
34,J3J3A,B_route_08,A,40,10.0,180.0,44,-1.619444444444444,
14,CCA,B_route_08,B,20,10.0,49.38,0,-0.40025925925925926,
18,CJ1A,B_route_08,B,20,10.0,54.7,0,-0.43768518518518523,
21,CJ3A,B_route_08,B,20,10.0,58.81,0,-0.4642222222222222,
12,CCJ1,B_route_08,B,20,10.0,65.36,0,-0.5362592592592592,
3,ACA,B_route_08,B,20,10.0,68.03,0,-0.5367407407407407,
16,CJ1J1,B_route_08,B,20,10.0,69.03,0,-0.571925925925926,
2,ACJ2,B_route_08,B,20,10.0,69.11,0,-0.5404259259259259,
20,CJ3J1,B_route_08,B,20,10.0,70.22,0,-0.5752962962962963,
1,ACJ1,B_route_08,B,20,10.0,70.86,0,-0.5575555555555556,
13,CCJ2,B_route_08,B,20,10.0,71.44,0,-0.5746666666666667,
10,AJ3A,B_route_08,B,20,10.0,77.62,0,-0.6219629629629629,
7,AJ1A,B_route_08,B,20,10.0,81.2,0,-0.6492592592592592,
5,AJ1J1,B_route_08,B,20,10.0,84.43,0,-0.6792407407407407,
6,AJ1J2,B_route_08,B,20,10.0,87.02,0,-0.6857592592592592,
9,AJ3J1,B_route_08,B,20,10.0,88.06,0,-0.7021851851851852,
27,J2J3A,B_route_08,B,20,10.0,89.08,0,-0.706462962962963,
17,CJ1J2,B_route_08,B,20,10.0,89.36,0,-0.7098703703703705,
0,ACB,B_route_08,B,20,10.0,94.35000000000001,0,-0.7033333333333334,
4,AJ1B,B_route_08,B,20,10.0,94.35000000000001,0,-0.7223148148148149,
11,CCB,B_route_08,B,20,10.0,94.35000000000001,0,-0.7153703703703704,
15,CJ1B,B_route_08,B,20,10.0,94.35000000000001,0,-0.7232407407407409,
29,J3CJ2,B_route_08,B,20,10.0,96.25,0,-0.787962962962963,
22,J2CB,B_route_08,B,20,10.0,118.93,0,-0.9616481481481484,
25,J2CA,B_route_08,B,20,10.0,118.93,0,-0.8963703703703705,
8,AJ3B,B_route_08,B,20,10.0,119.48,0,-0.9105370370370369,
19,CJ3B,B_route_08,B,20,10.0,119.48,0,-0.9165555555555556,
30,J3CA,B_route_08,B,20,10.0,124.16,0,-0.9795925925925925,
28,J3CB,B_route_08,B,20,10.0,169.12,0,-1.359,
23,J2CJ1,B_route_08,B,20,10.0,180.0,60,-1.640277777777778,
24,J2CJ2,B_route_08,B,20,10.0,180.0,44,-1.6046296296296299,
26,J2J3B,B_route_08,B,20,10.0,180.0,5,-1.51712962962963,
31,J3J1B,B_route_08,B,20,10.0,180.0,11,-1.553703703703704,
32,J3J1A,B_route_08,B,20,10.0,180.0,2,-1.5069444444444444,
33,J3J3B,B_route_08,B,20,10.0,180.0,22,-1.5254629629629626,
34,J3J3A,B_route_08,B,20,10.0,180.0,2,-1.4078703703703708,
14,CCA,B_route_08,B,30,10.0,51.93,0,-0.4214059829059829,
18,CJ1A,B_route_08,B,30,10.0,54.7,0,-0.44405982905982905,
21,CJ3A,B_route_08,B,30,10.0,64.27,0,-0.5096196581196581,
12,CCJ1,B_route_08,B,30,10.0,73.0,0,-0.5918803418803419,
16,CJ1J1,B_route_08,B,30,10.0,75.37,0,-0.6208589743589745,
3,ACA,B_route_08,B,30,10.0,76.12,0,-0.5968205128205128,
2,ACJ2,B_route_08,B,30,10.0,76.86,0,-0.6017863247863248,
20,CJ3J1,B_route_08,B,30,10.0,77.71000000000001,0,-0.6325769230769231,
13,CCJ2,B_route_08,B,30,10.0,78.37,0,-0.6294059829059829,
1,ACJ1,B_route_08,B,30,10.0,78.57000000000001,0,-0.6172692307692308,
7,AJ1A,B_route_08,B,30,10.0,87.56,0,-0.7073846153846154,
10,AJ3A,B_route_08,B,30,10.0,88.07000000000001,0,-0.7055170940170941,
5,AJ1J1,B_route_08,B,30,10.0,90.94,0,-0.7321452991452991,
9,AJ3J1,B_route_08,B,30,10.0,91.09,0,-0.735542735042735,
6,AJ1J2,B_route_08,B,30,10.0,92.88,0,-0.7343760683760684,
27,J2J3A,B_route_08,B,30,10.0,94.61,0,-0.7568076923076924,
17,CJ1J2,B_route_08,B,30,10.0,103.09,0,-0.8107564102564103,
29,J3CJ2,B_route_08,B,30,10.0,104.58,0,-0.8562136752136753,
0,ACB,B_route_08,B,30,10.0,118.03,0,-0.8843547008547009,
4,AJ1B,B_route_08,B,30,10.0,118.03,0,-0.9018760683760684,
11,CCB,B_route_08,B,30,10.0,118.03,0,-0.895465811965812,
15,CJ1B,B_route_08,B,30,10.0,118.03,0,-0.9027307692307692,
22,J2CB,B_route_08,B,30,10.0,118.93,0,-1.0017478632478634,
25,J2CA,B_route_08,B,30,10.0,118.93,0,-0.8949102564102565,
8,AJ3B,B_route_08,B,30,10.0,169.23,0,-1.2970042735042735,
19,CJ3B,B_route_08,B,30,10.0,169.23,0,-1.302559829059829,
23,J2CJ1,B_route_08,B,30,10.0,180.0,75,-1.67051282051282,
24,J2CJ2,B_route_08,B,30,10.0,180.0,66,-1.6499999999999995,
26,J2J3B,B_route_08,B,30,10.0,180.0,42,-1.6085470085470082,
28,J3CB,B_route_08,B,30,10.0,180.0,24,-1.5346153846153845,
30,J3CA,B_route_08,B,30,10.0,180.0,2,-1.3316239316239318,
31,J3J1B,B_route_08,B,30,10.0,180.0,32,-1.6256410256410252,
32,J3J1A,B_route_08,B,30,10.0,180.0,7,-1.532051282051282,
33,J3J3B,B_route_08,B,30,10.0,180.0,40,-1.6226495726495722,
34,J3J3A,B_route_08,B,30,10.0,180.0,2,-1.4829059829059827,
14,CCA,B_route_08,B,40,10.0,58.83,0,-0.4696904761904761,
18,CJ1A,B_route_08,B,40,10.0,58.83,0,-0.47643650793650794,
21,CJ3A,B_route_08,B,40,10.0,69.93,0,-0.5523888888888889,
12,CCJ1,B_route_08,B,40,10.0,76.96000000000001,0,-0.6263650793650795,
3,ACA,B_route_08,B,40,10.0,81.42,0,-0.6416190476190476,
16,CJ1J1,B_route_08,B,40,10.0,81.88,0,-0.6727460317460318,
2,ACJ2,B_route_08,B,40,10.0,84.55,0,-0.6629761904761904,
13,CCJ2,B_route_08,B,40,10.0,85.36,0,-0.6837460317460318,
1,ACJ1,B_route_08,B,40,10.0,87.32000000000001,0,-0.6874920634920636,
20,CJ3J1,B_route_08,B,40,10.0,87.38,0,-0.7048888888888889,
7,AJ1A,B_route_08,B,40,10.0,94.42,0,-0.761063492063492,
10,AJ3A,B_route_08,B,40,10.0,95.94,0,-0.7706984126984128,
27,J2J3A,B_route_08,B,40,10.0,98.53,0,-0.7914365079365079,
6,AJ1J2,B_route_08,B,40,10.0,100.35000000000001,0,-0.7955952380952382,
5,AJ1J1,B_route_08,B,40,10.0,100.39,0,-0.8073253968253967,
9,AJ3J1,B_route_08,B,40,10.0,102.44,0,-0.8214920634920635,
17,CJ1J2,B_route_08,B,40,10.0,107.78,0,-0.8614761904761905,
29,J3CJ2,B_route_08,B,40,10.0,111.42,0,-0.9138412698412698,
25,J2CA,B_route_08,B,40,10.0,118.93,0,-0.8976269841269842,
0,ACB,B_route_08,B,40,10.0,133.13,0,-1.004690476190476,
4,AJ1B,B_route_08,B,40,10.0,133.13,0,-1.0209603174603172,
11,CCB,B_route_08,B,40,10.0,133.13,0,-1.0150079365079363,
15,CJ1B,B_route_08,B,40,10.0,133.13,0,-1.0217539682539682,
22,J2CB,B_route_08,B,40,10.0,133.13,0,-1.1090555555555557,
30,J3CA,B_route_08,B,40,10.0,166.73,0,-1.300484126984127,
8,AJ3B,B_route_08,B,40,10.0,180.0,22,-1.4547619047619047,
19,CJ3B,B_route_08,B,40,10.0,180.0,22,-1.4599206349206348,
23,J2CJ1,B_route_08,B,40,10.0,180.0,90,-1.7111111111111104,
24,J2CJ2,B_route_08,B,40,10.0,180.0,62,-1.6630952380952375,
26,J2J3B,B_route_08,B,40,10.0,180.0,54,-1.6781746031746028,
28,J3CB,B_route_08,B,40,10.0,180.0,68,-1.628571428571428,
31,J3J1B,B_route_08,B,40,10.0,180.0,51,-1.6940476190476188,
32,J3J1A,B_route_08,B,40,10.0,180.0,17,-1.5384920634920634,
33,J3J3B,B_route_08,B,40,10.0,180.0,56,-1.6880952380952374,
34,J3J3A,B_route_08,B,40,10.0,180.0,21,-1.5630952380952379,
0,ACB,B_route_08,C,20,10.0,54.65,0,-0.4392592592592593,
3,ACA,B_route_08,C,20,10.0,54.68,0,-0.4463703703703704,
1,ACJ1,B_route_08,C,20,10.0,57.0,0,-0.4643518518518518,
21,CJ3A,B_route_08,C,20,10.0,58.13,0,-0.46090740740740743,
11,CCB,B_route_08,C,20,10.0,59.03,0,-0.4807222222222223,
14,CCA,B_route_08,C,20,10.0,59.03,0,-0.4677592592592593,
12,CCJ1,B_route_08,C,20,10.0,67.26,0,-0.5500555555555555,
2,ACJ2,B_route_08,C,20,10.0,68.09,0,-0.5342962962962964,
13,CCJ2,B_route_08,C,20,10.0,69.95,0,-0.565,
15,CJ1B,B_route_08,C,20,10.0,72.44,0,-0.5746666666666667,
18,CJ1A,B_route_08,C,20,10.0,72.44,0,-0.5617037037037037,
4,AJ1B,B_route_08,C,20,10.0,73.59,0,-0.5810555555555555,
20,CJ3J1,B_route_08,C,20,10.0,74.78,0,-0.6038703703703704,
16,CJ1J1,B_route_08,C,20,10.0,77.9,0,-0.6281481481481483,
10,AJ3A,B_route_08,C,20,10.0,80.46000000000001,0,-0.6483888888888888,
5,AJ1J1,B_route_08,C,20,10.0,82.56,0,-0.6637592592592593,
9,AJ3J1,B_route_08,C,20,10.0,84.60000000000001,0,-0.6792592592592593,
7,AJ1A,B_route_08,C,20,10.0,85.51,0,-0.6796851851851852,
27,J2J3A,B_route_08,C,20,10.0,85.73,0,-0.6841481481481482,
6,AJ1J2,B_route_08,C,20,10.0,87.39,0,-0.6896666666666667,
17,CJ1J2,B_route_08,C,20,10.0,88.39,0,-0.7040185185185187,
29,J3CJ2,B_route_08,C,20,10.0,96.2,0,-0.7872222222222224,
8,AJ3B,B_route_08,C,20,10.0,102.09,0,-0.7741111111111111,
19,CJ3B,B_route_08,C,20,10.0,102.09,0,-0.7801296296296297,
28,J3CB,B_route_08,C,20,10.0,102.35000000000001,0,-0.7917592592592593,
31,J3J1B,B_route_08,C,20,10.0,155.31,0,-1.255888888888889,
33,J3J3B,B_route_08,C,20,10.0,157.06,0,-1.2720925925925926,
26,J2J3B,B_route_08,C,20,10.0,157.12,0,-1.2673333333333332,
22,J2CB,B_route_08,C,20,10.0,164.70000000000002,0,-1.3075925925925924,
25,J2CA,B_route_08,C,20,10.0,164.70000000000002,0,-1.2946296296296294,
34,J3J3A,B_route_08,C,20,10.0,178.20000000000002,0,-1.465925925925926,
23,J2CJ1,B_route_08,C,20,10.0,180.0,60,-1.64537037037037,
24,J2CJ2,B_route_08,C,20,10.0,180.0,49,-1.6115740740740745,
30,J3CA,B_route_08,C,20,10.0,180.0,2,-1.2185185185185188,
32,J3J1A,B_route_08,C,20,10.0,180.0,5,-1.5115740740740742,
0,ACB,B_route_08,C,30,10.0,61.120000000000005,0,-0.48827350427350424,
1,ACJ1,B_route_08,C,30,10.0,61.120000000000005,0,-0.4993846153846154,
3,ACA,B_route_08,C,30,10.0,61.120000000000005,0,-0.49468376068376074,
11,CCB,B_route_08,C,30,10.0,65.48,0,-0.5287350427350428,
14,CCA,B_route_08,C,30,10.0,65.48,0,-0.5167692307692308,
21,CJ3A,B_route_08,C,30,10.0,66.31,0,-0.520525641025641,
12,CCJ1,B_route_08,C,30,10.0,73.02,0,-0.5962649572649573,
2,ACJ2,B_route_08,C,30,10.0,76.24,0,-0.5991965811965811,
13,CCJ2,B_route_08,C,30,10.0,76.59,0,-0.6169529914529915,
15,CJ1B,B_route_08,C,30,10.0,79.09,0,-0.6269957264957265,
18,CJ1A,B_route_08,C,30,10.0,79.09,0,-0.6150299145299145,
4,AJ1B,B_route_08,C,30,10.0,80.26,0,-0.6364871794871795,
20,CJ3J1,B_route_08,C,30,10.0,80.99,0,-0.6550726495726495,
16,CJ1J1,B_route_08,C,30,10.0,86.22,0,-0.6960940170940172,
7,AJ1A,B_route_08,C,30,10.0,87.03,0,-0.6988846153846153,
6,AJ1J2,B_route_08,C,30,10.0,90.44,0,-0.719965811965812,
10,AJ3A,B_route_08,C,30,10.0,91.33,0,-0.7368760683760683,
5,AJ1J1,B_route_08,C,30,10.0,91.76,0,-0.734991452991453,
27,J2J3A,B_route_08,C,30,10.0,92.97,0,-0.7442777777777777,
9,AJ3J1,B_route_08,C,30,10.0,94.85000000000001,0,-0.7645512820512821,
17,CJ1J2,B_route_08,C,30,10.0,96.87,0,-0.7762008547008548,
28,J3CB,B_route_08,C,30,10.0,102.35000000000001,0,-0.7980982905982907,
29,J3CJ2,B_route_08,C,30,10.0,103.2,0,-0.8494017094017096,
8,AJ3B,B_route_08,C,30,10.0,115.41,0,-0.8770641025641025,
19,CJ3B,B_route_08,C,30,10.0,115.41,0,-0.882619658119658,
26,J2J3B,B_route_08,C,30,10.0,168.41,0,-1.36467094017094,
31,J3J1B,B_route_08,C,30,10.0,168.86,0,-1.368025641025641,
33,J3J3B,B_route_08,C,30,10.0,172.91,0,-1.406337606837607,
22,J2CB,B_route_08,C,30,10.0,180.0,13,-1.4585470085470087,
23,J2CJ1,B_route_08,C,30,10.0,180.0,83,-1.689743589743589,
24,J2CJ2,B_route_08,C,30,10.0,180.0,60,-1.6410256410256405,
25,J2CA,B_route_08,C,30,10.0,180.0,13,-1.4465811965811968,
30,J3CA,B_route_08,C,30,10.0,180.0,2,-1.2252136752136753,
32,J3J1A,B_route_08,C,30,10.0,180.0,60,-1.638461538461538,
34,J3J3A,B_route_08,C,30,10.0,180.0,36,-1.5576923076923075,
0,ACB,B_route_08,C,40,10.0,69.7,0,-0.5487301587301587,
1,ACJ1,B_route_08,C,40,10.0,69.7,0,-0.559047619047619,
3,ACA,B_route_08,C,40,10.0,69.7,0,-0.5546825396825397,
11,CCB,B_route_08,C,40,10.0,70.51,0,-0.5691031746031746,
14,CCA,B_route_08,C,40,10.0,70.51,0,-0.5579920634920635,
21,CJ3A,B_route_08,C,40,10.0,71.47,0,-0.5621349206349207,
12,CCJ1,B_route_08,C,40,10.0,77.87,0,-0.6365793650793651,
2,ACJ2,B_route_08,C,40,10.0,81.19,0,-0.6399444444444444,
13,CCJ2,B_route_08,C,40,10.0,83.13,0,-0.6681825396825397,
4,AJ1B,B_route_08,C,40,10.0,84.45,0,-0.673531746031746,
15,CJ1B,B_route_08,C,40,10.0,86.0,0,-0.6849206349206349,
18,CJ1A,B_route_08,C,40,10.0,86.0,0,-0.6738095238095237,
20,CJ3J1,B_route_08,C,40,10.0,86.62,0,-0.7038412698412699,
16,CJ1J1,B_route_08,C,40,10.0,93.08,0,-0.7524285714285714,
7,AJ1A,B_route_08,C,40,10.0,93.81,0,-0.7548968253968253,
10,AJ3A,B_route_08,C,40,10.0,94.71000000000001,0,-0.7606904761904763,
6,AJ1J2,B_route_08,C,40,10.0,95.91,0,-0.7701349206349206,
5,AJ1J1,B_route_08,C,40,10.0,97.77,0,-0.7888015873015872,
9,AJ3J1,B_route_08,C,40,10.0,100.54,0,-0.8085555555555555,
27,J2J3A,B_route_08,C,40,10.0,101.05,0,-0.8109920634920634,
28,J3CB,B_route_08,C,40,10.0,102.35000000000001,0,-0.8051190476190476,
17,CJ1J2,B_route_08,C,40,10.0,104.02,0,-0.8393968253968254,
29,J3CJ2,B_route_08,C,40,10.0,110.87,0,-0.9099920634920634,
8,AJ3B,B_route_08,C,40,10.0,128.47,0,-0.9788015873015872,
19,CJ3B,B_route_08,C,40,10.0,128.47,0,-0.9839603174603174,
22,J2CB,B_route_08,C,40,10.0,180.0,40,-1.5309523809523808,
23,J2CJ1,B_route_08,C,40,10.0,180.0,93,-1.7123015873015865,
24,J2CJ2,B_route_08,C,40,10.0,180.0,88,-1.7162698412698405,
25,J2CA,B_route_08,C,40,10.0,180.0,40,-1.5198412698412698,
26,J2J3B,B_route_08,C,40,10.0,180.0,2,-1.4674603174603176,
30,J3CA,B_route_08,C,40,10.0,180.0,2,-1.2325396825396826,
31,J3J1B,B_route_08,C,40,10.0,180.0,4,-1.471825396825397,
32,J3J1A,B_route_08,C,40,10.0,180.0,67,-1.6714285714285708,
33,J3J3B,B_route_08,C,40,10.0,180.0,3,-1.4734126984126985,
34,J3J3A,B_route_08,C,40,10.0,180.0,34,-1.5904761904761902,
21,CJ3A,B_route_08,D,20,10.0,45.56,0,-0.3605185185185185,
0,ACB,B_route_08,D,20,10.0,48.84,0,-0.3801296296296296,
11,CCB,B_route_08,D,20,10.0,49.38,0,-0.39516666666666667,
14,CCA,B_route_08,D,20,10.0,49.38,0,-0.3822037037037037,
3,ACA,B_route_08,D,20,10.0,54.68,0,-0.41951851851851857,
15,CJ1B,B_route_08,D,20,10.0,54.7,0,-0.4325925925925926,
18,CJ1A,B_route_08,D,20,10.0,54.7,0,-0.41962962962962963,
12,CCJ1,B_route_08,D,20,10.0,55.02,0,-0.439,
2,ACJ2,B_route_08,D,20,10.0,55.15,0,-0.42444444444444446,
4,AJ1B,B_route_08,D,20,10.0,55.92,0,-0.43844444444444447,
1,ACJ1,B_route_08,D,20,10.0,57.0,0,-0.4375,
13,CCJ2,B_route_08,D,20,10.0,58.63,0,-0.4604444444444445,
16,CJ1J1,B_route_08,D,20,10.0,61.13,0,-0.4849814814814814,
20,CJ3J1,B_route_08,D,20,10.0,64.04,0,-0.49975925925925924,
5,AJ1J1,B_route_08,D,20,10.0,66.39,0,-0.5160555555555556,
7,AJ1A,B_route_08,D,20,10.0,67.35,0,-0.518611111111111,
9,AJ3J1,B_route_08,D,20,10.0,70.13,0,-0.540537037037037,
6,AJ1J2,B_route_08,D,20,10.0,71.5,0,-0.5467592592592592,
10,AJ3A,B_route_08,D,20,10.0,72.14,0,-0.5558703703703703,
17,CJ1J2,B_route_08,D,20,10.0,74.3,0,-0.5674074074074074,
8,AJ3B,B_route_08,D,20,10.0,75.47,0,-0.5595555555555556,
19,CJ3B,B_route_08,D,20,10.0,75.47,0,-0.5655740740740741,
27,J2J3A,B_route_08,D,20,10.0,75.85000000000001,0,-0.5760185185185187,
29,J3CJ2,B_route_08,D,20,10.0,89.02,0,-0.6866851851851853,
28,J3CB,B_route_08,D,20,10.0,102.35000000000001,0,-0.7649074074074074,
22,J2CB,B_route_08,D,20,10.0,118.93,0,-0.891277777777778,
25,J2CA,B_route_08,D,20,10.0,118.93,0,-0.8783148148148149,
26,J2J3B,B_route_08,D,20,10.0,128.47,0,-0.9896481481481482,
31,J3J1B,B_route_08,D,20,10.0,128.8,0,-0.9919444444444446,
33,J3J3B,B_route_08,D,20,10.0,131.86,0,-1.0186666666666668,
34,J3J3A,B_route_08,D,20,10.0,137.28,0,-1.0617407407407409,
32,J3J1A,B_route_08,D,20,10.0,150.82,0,-1.1739999999999997,
23,J2CJ1,B_route_08,D,20,10.0,168.4,0,-1.3216666666666663,
24,J2CJ2,B_route_08,D,20,10.0,180.0,11,-1.4393518518518518,
30,J3CA,B_route_08,D,20,10.0,180.0,2,-1.1916666666666669,
21,CJ3A,B_route_08,D,30,10.0,45.56,0,-0.35994871794871797,
14,CCA,B_route_08,D,30,10.0,49.38,0,-0.3815982905982906,
0,ACB,B_route_08,D,30,10.0,49.71,0,-0.3847136752136753,
11,CCB,B_route_08,D,30,10.0,49.71,0,-0.39582478632478635,
3,ACA,B_route_08,D,30,10.0,54.68,0,-0.4183076923076924,
15,CJ1B,B_route_08,D,30,10.0,54.7,0,-0.43081196581196585,
18,CJ1A,B_route_08,D,30,10.0,54.7,0,-0.4184188034188035,
12,CCJ1,B_route_08,D,30,10.0,55.02,0,-0.43643589743589745,
2,ACJ2,B_route_08,D,30,10.0,55.15,0,-0.4230555555555556,
4,AJ1B,B_route_08,D,30,10.0,55.92,0,-0.43673504273504277,
1,ACJ1,B_route_08,D,30,10.0,57.0,0,-0.4358974358974359,
13,CCJ2,B_route_08,D,30,10.0,58.63,0,-0.4577735042735043,
16,CJ1J1,B_route_08,D,30,10.0,61.13,0,-0.48149145299145296,
20,CJ3J1,B_route_08,D,30,10.0,64.04,0,-0.4963760683760684,
5,AJ1J1,B_route_08,D,30,10.0,66.39,0,-0.512423076923077,
7,AJ1A,B_route_08,D,30,10.0,67.35,0,-0.5151923076923076,
9,AJ3J1,B_route_08,D,30,10.0,70.13,0,-0.5366196581196582,
6,AJ1J2,B_route_08,D,30,10.0,71.5,0,-0.5429487179487179,
10,AJ3A,B_route_08,D,30,10.0,72.14,0,-0.5516324786324787,
17,CJ1J2,B_route_08,D,30,10.0,74.3,0,-0.5632051282051281,
27,J2J3A,B_route_08,D,30,10.0,75.85000000000001,0,-0.5718162393162395,
8,AJ3B,B_route_08,D,30,10.0,76.28,0,-0.5618119658119658,
19,CJ3B,B_route_08,D,30,10.0,76.28,0,-0.5673675213675213,
29,J3CJ2,B_route_08,D,30,10.0,89.02,0,-0.6795982905982906,
28,J3CB,B_route_08,D,30,10.0,103.54,0,-0.7675299145299146,
22,J2CB,B_route_08,D,30,10.0,118.93,0,-0.8816623931623931,
25,J2CA,B_route_08,D,30,10.0,118.93,0,-0.8692692307692308,
26,J2J3B,B_route_08,D,30,10.0,129.28,0,-0.9827521367521366,
31,J3J1B,B_route_08,D,30,10.0,130.89000000000001,0,-0.9951153846153847,
33,J3J3B,B_route_08,D,30,10.0,132.23,0,-1.007688034188034,
34,J3J3A,B_route_08,D,30,10.0,137.28,0,-1.0464273504273505,
32,J3J1A,B_route_08,D,30,10.0,150.82,0,-1.1558376068376068,
23,J2CJ1,B_route_08,D,30,10.0,168.4,0,-1.2996581196581194,
24,J2CJ2,B_route_08,D,30,10.0,180.0,11,-1.413247863247863,
30,J3CA,B_route_08,D,30,10.0,180.0,2,-1.1846153846153848,
21,CJ3A,B_route_08,D,40,10.0,45.56,0,-0.3590634920634921,
14,CCA,B_route_08,D,40,10.0,49.38,0,-0.3806825396825397,
0,ACB,B_route_08,D,40,10.0,52.89,0,-0.404547619047619,
11,CCB,B_route_08,D,40,10.0,52.89,0,-0.4148650793650794,
3,ACA,B_route_08,D,40,10.0,54.68,0,-0.4168730158730159,
15,CJ1B,B_route_08,D,40,10.0,54.7,0,-0.4316666666666667,
18,CJ1A,B_route_08,D,40,10.0,54.7,0,-0.416984126984127,
12,CCJ1,B_route_08,D,40,10.0,55.02,0,-0.43384126984126986,
2,ACJ2,B_route_08,D,40,10.0,55.15,0,-0.42146825396825394,
4,AJ1B,B_route_08,D,40,10.0,55.92,0,-0.4376507936507937,
1,ACJ1,B_route_08,D,40,10.0,57.0,0,-0.43412698412698414,
13,CCJ2,B_route_08,D,40,10.0,58.63,0,-0.4550873015873016,
16,CJ1J1,B_route_08,D,40,10.0,61.13,0,-0.4781031746031746,
20,CJ3J1,B_route_08,D,40,10.0,64.04,0,-0.4930793650793651,
5,AJ1J1,B_route_08,D,40,10.0,66.39,0,-0.5089126984126984,
7,AJ1A,B_route_08,D,40,10.0,67.35,0,-0.5118650793650793,
9,AJ3J1,B_route_08,D,40,10.0,70.13,0,-0.5328650793650793,
6,AJ1J2,B_route_08,D,40,10.0,71.5,0,-0.5392857142857143,
10,AJ3A,B_route_08,D,40,10.0,72.14,0,-0.5476031746031745,
17,CJ1J2,B_route_08,D,40,10.0,74.3,0,-0.5592063492063492,
27,J2J3A,B_route_08,D,40,10.0,75.85000000000001,0,-0.5678174603174604,
8,AJ3B,B_route_08,D,40,10.0,77.96000000000001,0,-0.5712063492063493,
19,CJ3B,B_route_08,D,40,10.0,77.96000000000001,0,-0.5763650793650794,
29,J3CJ2,B_route_08,D,40,10.0,89.02,0,-0.6731269841269841,
28,J3CB,B_route_08,D,40,10.0,105.16,0,-0.7739047619047619,
22,J2CB,B_route_08,D,40,10.0,118.93,0,-0.8758015873015873,
25,J2CA,B_route_08,D,40,10.0,118.93,0,-0.8611190476190476,
26,J2J3B,B_route_08,D,40,10.0,131.01,0,-0.9861666666666664,
31,J3J1B,B_route_08,D,40,10.0,131.9,0,-0.9942857142857141,
33,J3J3B,B_route_08,D,40,10.0,132.06,0,-0.9947777777777776,
34,J3J3A,B_route_08,D,40,10.0,137.28,0,-1.0329047619047618,
32,J3J1A,B_route_08,D,40,10.0,150.82,0,-1.1398730158730157,
23,J2CJ1,B_route_08,D,40,10.0,168.4,0,-1.2803968253968252,
24,J2CJ2,B_route_08,D,40,10.0,180.0,11,-1.3904761904761902,
30,J3CA,B_route_08,D,40,10.0,180.0,2,-1.1781746031746032,
0,ACB,C_exit,A,20,10.0,60.03,0,-0.47285185185185186,
8,AJ3B,C_exit,A,20,10.0,64.5,0,-0.524074074074074,
3,ACA,C_exit,A,20,10.0,68.64,0,-0.5438333333333333,
1,ACJ1,C_exit,A,20,10.0,68.88,0,-0.5456296296296296,
4,AJ1B,C_exit,A,20,10.0,70.69,0,-0.5598518518518518,
2,ACJ2,C_exit,A,20,10.0,71.2,0,-0.5594444444444444,
5,AJ1J1,C_exit,A,20,10.0,81.31,0,-0.6531111111111112,
7,AJ1A,C_exit,A,20,10.0,81.39,0,-0.6498518518518518,
28,J3CB,C_exit,A,20,10.0,81.61,0,-0.6635740740740741,
10,AJ3A,C_exit,A,20,10.0,82.42,0,-0.6583518518518517,
6,AJ1J2,C_exit,A,20,10.0,82.44,0,-0.6654074074074074,
9,AJ3J1,C_exit,A,20,10.0,85.31,0,-0.6850555555555554,
27,J2J3A,C_exit,A,20,10.0,91.66,0,-0.7245,
19,CJ3B,C_exit,A,20,10.0,96.01,0,-0.7560740740740741,
21,CJ3A,C_exit,A,20,10.0,96.01,0,-0.7232037037037038,
31,J3J1B,C_exit,A,20,10.0,101.31,0,-0.8327407407407409,
26,J2J3B,C_exit,A,20,10.0,118.02,0,-0.9727962962962964,
33,J3J3B,C_exit,A,20,10.0,118.32000000000001,0,-0.9726111111111113,
29,J3CJ2,C_exit,A,20,10.0,152.92000000000002,0,-1.2240925925925927,
34,J3J3A,C_exit,A,20,10.0,170.43,0,-1.401925925925926,
11,CCB,C_exit,A,20,10.0,180.0,56,-1.524537037037037,
12,CCJ1,C_exit,A,20,10.0,180.0,78,-1.678703703703703,
13,CCJ2,C_exit,A,20,10.0,180.0,73,-1.6481481481481488,
14,CCA,C_exit,A,20,10.0,180.0,56,-1.515277777777778,
15,CJ1B,C_exit,A,20,10.0,180.0,50,-1.488425925925926,
16,CJ1J1,C_exit,A,20,10.0,180.0,59,-1.5675925925925926,
17,CJ1J2,C_exit,A,20,10.0,180.0,59,-1.5694444444444446,
18,CJ1A,C_exit,A,20,10.0,180.0,50,-1.479166666666667,
20,CJ3J1,C_exit,A,20,10.0,180.0,55,-1.5472222222222227,
22,J2CB,C_exit,A,20,10.0,180.0,8,-1.4453703703703706,
23,J2CJ1,C_exit,A,20,10.0,180.0,64,-1.6509259259259257,
24,J2CJ2,C_exit,A,20,10.0,180.0,74,-1.6777777777777776,
25,J2CA,C_exit,A,20,10.0,180.0,8,-1.4361111111111113,
30,J3CA,C_exit,A,20,10.0,180.0,2,-1.3240740740740746,
32,J3J1A,C_exit,A,20,10.0,180.0,12,-1.5384259259259259,
0,ACB,C_exit,A,30,10.0,63.38,0,-0.5021111111111111,
8,AJ3B,C_exit,A,30,10.0,64.5,0,-0.5326923076923077,
2,ACJ2,C_exit,A,30,10.0,71.2,0,-0.5682051282051283,
1,ACJ1,C_exit,A,30,10.0,72.9,0,-0.5810683760683761,
3,ACA,C_exit,A,30,10.0,75.95,0,-0.6005769230769231,
4,AJ1B,C_exit,A,30,10.0,77.45,0,-0.6136111111111111,
7,AJ1A,C_exit,A,30,10.0,86.29,0,-0.6917820512820513,
6,AJ1J2,C_exit,A,30,10.0,86.3,0,-0.7003846153846154,
5,AJ1J1,C_exit,A,30,10.0,86.64,0,-0.6984273504273504,
9,AJ3J1,C_exit,A,30,10.0,91.12,0,-0.7331452991452991,
10,AJ3A,C_exit,A,30,10.0,92.54,0,-0.747017094017094,
28,J3CB,C_exit,A,30,10.0,92.77,0,-0.7512863247863248,
27,J2J3A,C_exit,A,30,10.0,98.95,0,-0.7856196581196581,
31,J3J1B,C_exit,A,30,10.0,107.55,0,-0.8910897435897437,
19,CJ3B,C_exit,A,30,10.0,111.81,0,-0.8720213675213676,
21,CJ3A,C_exit,A,30,10.0,111.81,0,-0.8416794871794873,
33,J3J3B,C_exit,A,30,10.0,123.35000000000001,0,-1.019465811965812,
26,J2J3B,C_exit,A,30,10.0,126.09,0,-1.0406709401709402,
15,CJ1B,C_exit,A,30,10.0,152.72,0,-1.1851965811965812,
18,CJ1A,C_exit,A,30,10.0,152.72,0,-1.1766495726495725,
30,J3CA,C_exit,A,30,10.0,156.62,0,-1.2551538461538463,
29,J3CJ2,C_exit,A,30,10.0,167.59,0,-1.346440170940171,
11,CCB,C_exit,A,30,10.0,180.0,70,-1.5846153846153843,
12,CCJ1,C_exit,A,30,10.0,180.0,93,-1.7329059829059834,
13,CCJ2,C_exit,A,30,10.0,180.0,80,-1.6589743589743584,
14,CCA,C_exit,A,30,10.0,180.0,70,-1.5760683760683756,
16,CJ1J1,C_exit,A,30,10.0,180.0,78,-1.6470085470085465,
17,CJ1J2,C_exit,A,30,10.0,180.0,71,-1.6111111111111107,
20,CJ3J1,C_exit,A,30,10.0,180.0,78,-1.646581196581196,
22,J2CB,C_exit,A,30,10.0,180.0,39,-1.5329059829059828,
23,J2CJ1,C_exit,A,30,10.0,180.0,72,-1.672649572649572,
24,J2CJ2,C_exit,A,30,10.0,180.0,80,-1.6910256410256403,
25,J2CA,C_exit,A,30,10.0,180.0,39,-1.5243589743589743,
32,J3J1A,C_exit,A,30,10.0,180.0,30,-1.5999999999999996,
34,J3J3A,C_exit,A,30,10.0,180.0,47,-1.60042735042735,
0,ACB,C_exit,A,40,10.0,70.60000000000001,0,-0.5557142857142858,
8,AJ3B,C_exit,A,40,10.0,70.60000000000001,0,-0.5783333333333334,
2,ACJ2,C_exit,A,40,10.0,71.2,0,-0.5800793650793651,
3,ACA,C_exit,A,40,10.0,80.02,0,-0.6334444444444444,
4,AJ1B,C_exit,A,40,10.0,80.21000000000001,0,-0.6420396825396827,
1,ACJ1,C_exit,A,40,10.0,81.56,0,-0.6495396825396826,
28,J3CB,C_exit,A,40,10.0,93.96000000000001,0,-0.7696190476190476,
7,AJ1A,C_exit,A,40,10.0,94.14,0,-0.7575238095238095,
9,AJ3J1,C_exit,A,40,10.0,95.42,0,-0.7729682539682539,
6,AJ1J2,C_exit,A,40,10.0,95.82000000000001,0,-0.7791587301587302,
10,AJ3A,C_exit,A,40,10.0,96.2,0,-0.7780952380952382,
5,AJ1J1,C_exit,A,40,10.0,99.29,0,-0.7956587301587301,
27,J2J3A,C_exit,A,40,10.0,105.51,0,-0.8433095238095238,
31,J3J1B,C_exit,A,40,10.0,114.21000000000001,0,-0.9487857142857143,
19,CJ3B,C_exit,A,40,10.0,122.62,0,-0.9554285714285714,
21,CJ3A,C_exit,A,40,10.0,122.62,0,-0.9272539682539682,
26,J2J3B,C_exit,A,40,10.0,131.41,0,-1.0931507936507938,
33,J3J3B,C_exit,A,40,10.0,132.81,0,-1.0937857142857141,
11,CCB,C_exit,A,40,10.0,180.0,72,-1.5718253968253966,
12,CCJ1,C_exit,A,40,10.0,180.0,100,-1.735317460317461,
13,CCJ2,C_exit,A,40,10.0,180.0,97,-1.7194444444444437,
14,CCA,C_exit,A,40,10.0,180.0,72,-1.5638888888888887,
15,CJ1B,C_exit,A,40,10.0,180.0,56,-1.4996031746031742,
16,CJ1J1,C_exit,A,40,10.0,180.0,73,-1.6059523809523806,
17,CJ1J2,C_exit,A,40,10.0,180.0,6,-1.4591269841269843,
18,CJ1A,C_exit,A,40,10.0,180.0,56,-1.4916666666666663,
20,CJ3J1,C_exit,A,40,10.0,180.0,86,-1.663492063492063,
22,J2CB,C_exit,A,40,10.0,180.0,68,-1.5753968253968251,
23,J2CJ1,C_exit,A,40,10.0,180.0,91,-1.716666666666666,
24,J2CJ2,C_exit,A,40,10.0,180.0,94,-1.7222222222222214,
25,J2CA,C_exit,A,40,10.0,180.0,68,-1.5674603174603172,
29,J3CJ2,C_exit,A,40,10.0,180.0,4,-1.4607142857142859,
30,J3CA,C_exit,A,40,10.0,180.0,13,-1.4777777777777779,
32,J3J1A,C_exit,A,40,10.0,180.0,71,-1.6853174603174594,
34,J3J3A,C_exit,A,40,10.0,180.0,44,-1.619444444444444,
3,ACA,C_exit,B,20,10.0,68.03,0,-0.5395185185185185,
21,CJ3A,C_exit,B,20,10.0,69.42,0,-0.544,
1,ACJ1,C_exit,B,20,10.0,70.86,0,-0.5603333333333333,
10,AJ3A,C_exit,B,20,10.0,77.62,0,-0.6219629629629629,
7,AJ1A,C_exit,B,20,10.0,81.2,0,-0.6492592592592592,
0,ACB,C_exit,B,20,10.0,83.75,0,-0.6425925925925926,
4,AJ1B,C_exit,B,20,10.0,83.75,0,-0.6587962962962963,
5,AJ1J1,C_exit,B,20,10.0,84.43,0,-0.6792407407407407,
6,AJ1J2,C_exit,B,20,10.0,87.02,0,-0.6857592592592592,
9,AJ3J1,C_exit,B,20,10.0,88.06,0,-0.7021851851851852,
27,J2J3A,C_exit,B,20,10.0,89.08,0,-0.706462962962963,
15,CJ1B,C_exit,B,20,10.0,96.5,0,-0.788425925925926,
18,CJ1A,C_exit,B,20,10.0,96.5,0,-0.7277777777777779,
2,ACJ2,C_exit,B,20,10.0,97.41,0,-0.7360740740740741,
8,AJ3B,C_exit,B,20,10.0,113.02,0,-0.8667777777777778,
19,CJ3B,C_exit,B,20,10.0,113.02,0,-0.8936296296296298,
22,J2CB,C_exit,B,20,10.0,116.58,0,-0.9374814814814815,
25,J2CA,C_exit,B,20,10.0,116.58,0,-0.8768333333333334,
30,J3CA,C_exit,B,20,10.0,124.16,0,-0.9823703703703703,
28,J3CB,C_exit,B,20,10.0,148.16,0,-1.2050555555555553,
17,CJ1J2,C_exit,B,20,10.0,152.66,0,-1.2217222222222224,
29,J3CJ2,C_exit,B,20,10.0,163.64000000000001,0,-1.3035555555555556,
26,J2J3B,C_exit,B,20,10.0,179.78,0,-1.4881296296296296,
11,CCB,C_exit,B,20,10.0,180.0,42,-1.4768518518518514,
12,CCJ1,C_exit,B,20,10.0,180.0,81,-1.6986111111111106,
13,CCJ2,C_exit,B,20,10.0,180.0,68,-1.6189814814814814,
14,CCA,C_exit,B,20,10.0,180.0,42,-1.4162037037037032,
16,CJ1J1,C_exit,B,20,10.0,180.0,5,-1.449537037037037,
20,CJ3J1,C_exit,B,20,10.0,180.0,59,-1.5712962962962964,
23,J2CJ1,C_exit,B,20,10.0,180.0,55,-1.6347222222222222,
24,J2CJ2,C_exit,B,20,10.0,180.0,50,-1.6212962962962965,
31,J3J1B,C_exit,B,20,10.0,180.0,2,-1.4962962962962962,
32,J3J1A,C_exit,B,20,10.0,180.0,2,-1.5069444444444444,
33,J3J3B,C_exit,B,20,10.0,180.0,16,-1.5194444444444442,
34,J3J3A,C_exit,B,20,10.0,180.0,2,-1.4078703703703708,
21,CJ3A,C_exit,B,30,10.0,69.42,0,-0.5587435897435897,
3,ACA,C_exit,B,30,10.0,74.25,0,-0.586431623931624,
1,ACJ1,C_exit,B,30,10.0,78.21000000000001,0,-0.6174059829059829,
10,AJ3A,C_exit,B,30,10.0,88.64,0,-0.712957264957265,
7,AJ1A,C_exit,B,30,10.0,90.93,0,-0.726534188034188,
9,AJ3J1,C_exit,B,30,10.0,91.09,0,-0.735542735042735,
5,AJ1J1,C_exit,B,30,10.0,93.3,0,-0.7495299145299145,
27,J2J3A,C_exit,B,30,10.0,95.89,0,-0.7652008547008547,
18,CJ1A,C_exit,B,30,10.0,96.5,0,-0.7301282051282051,
6,AJ1J2,C_exit,B,30,10.0,98.23,0,-0.767517094017094,
0,ACB,C_exit,B,30,10.0,100.10000000000001,0,-0.7702136752136752,
4,AJ1B,C_exit,B,30,10.0,100.10000000000001,0,-0.7851709401709402,
15,CJ1B,C_exit,B,30,10.0,100.10000000000001,0,-0.8394444444444447,
2,ACJ2,C_exit,B,30,10.0,112.43,0,-0.8498247863247864,
22,J2CB,C_exit,B,30,10.0,116.58,0,-0.9656153846153847,
25,J2CA,C_exit,B,30,10.0,116.58,0,-0.8762991452991452,
8,AJ3B,C_exit,B,30,10.0,133.15,0,-1.0461324786324786,
19,CJ3B,C_exit,B,30,10.0,133.15,0,-1.0709188034188035,
30,J3CA,C_exit,B,30,10.0,142.83,0,-1.1229871794871795,
17,CJ1J2,C_exit,B,30,10.0,171.79,0,-1.3761837606837606,
28,J3CB,C_exit,B,30,10.0,173.02,0,-1.4043846153846156,
11,CCB,C_exit,B,30,10.0,180.0,42,-1.4905982905982904,
12,CCJ1,C_exit,B,30,10.0,180.0,90,-1.7149572649572655,
13,CCJ2,C_exit,B,30,10.0,180.0,82,-1.6700854700854695,
14,CCA,C_exit,B,30,10.0,180.0,42,-1.401282051282051,
16,CJ1J1,C_exit,B,30,10.0,180.0,55,-1.5388888888888888,
20,CJ3J1,C_exit,B,30,10.0,180.0,78,-1.646581196581196,
23,J2CJ1,C_exit,B,30,10.0,180.0,80,-1.6824786324786318,
24,J2CJ2,C_exit,B,30,10.0,180.0,70,-1.6611111111111105,
26,J2J3B,C_exit,B,30,10.0,180.0,38,-1.6089743589743586,
29,J3CJ2,C_exit,B,30,10.0,180.0,50,-1.5230769230769228,
31,J3J1B,C_exit,B,30,10.0,180.0,29,-1.5764957264957262,
32,J3J1A,C_exit,B,30,10.0,180.0,16,-1.543162393162393,
33,J3J3B,C_exit,B,30,10.0,180.0,31,-1.5884615384615381,
34,J3J3A,C_exit,B,30,10.0,180.0,2,-1.4726495726495727,
21,CJ3A,C_exit,B,40,10.0,71.9,0,-0.5819841269841269,
3,ACA,C_exit,B,40,10.0,80.75,0,-0.6367063492063492,
1,ACJ1,C_exit,B,40,10.0,85.53,0,-0.6763571428571429,
7,AJ1A,C_exit,B,40,10.0,91.51,0,-0.7425158730158731,
18,CJ1A,C_exit,B,40,10.0,96.5,0,-0.7353174603174603,
10,AJ3A,C_exit,B,40,10.0,97.41,0,-0.7792619047619048,
5,AJ1J1,C_exit,B,40,10.0,98.84,0,-0.7983174603174602,
27,J2J3A,C_exit,B,40,10.0,99.63,0,-0.8019126984126983,
6,AJ1J2,C_exit,B,40,10.0,102.59,0,-0.8135952380952381,
9,AJ3J1,C_exit,B,40,10.0,102.86,0,-0.8297777777777776,
25,J2CA,C_exit,B,40,10.0,116.58,0,-0.879015873015873,
2,ACJ2,C_exit,B,40,10.0,127.05,0,-0.9609920634920635,
0,ACB,C_exit,B,40,10.0,134.26,0,-1.0212857142857144,
4,AJ1B,C_exit,B,40,10.0,134.26,0,-1.0351746031746032,
15,CJ1B,C_exit,B,40,10.0,134.26,0,-1.0855714285714286,
22,J2CB,C_exit,B,40,10.0,134.26,0,-1.1177142857142857,
8,AJ3B,C_exit,B,40,10.0,178.11,0,-1.377595238095238,
19,CJ3B,C_exit,B,40,10.0,178.11,0,-1.4006111111111113,
11,CCB,C_exit,B,40,10.0,180.0,42,-1.532142857142857,
12,CCJ1,C_exit,B,40,10.0,180.0,88,-1.674603174603174,
13,CCJ2,C_exit,B,40,10.0,180.0,104,-1.758333333333334,
14,CCA,C_exit,B,40,10.0,180.0,42,-1.3916666666666664,
16,CJ1J1,C_exit,B,40,10.0,180.0,88,-1.672619047619047,
17,CJ1J2,C_exit,B,40,10.0,180.0,60,-1.5563492063492061,
20,CJ3J1,C_exit,B,40,10.0,180.0,93,-1.697619047619047,
23,J2CJ1,C_exit,B,40,10.0,180.0,94,-1.7222222222222219,
24,J2CJ2,C_exit,B,40,10.0,180.0,76,-1.6761904761904756,
26,J2J3B,C_exit,B,40,10.0,180.0,58,-1.7063492063492058,
28,J3CB,C_exit,B,40,10.0,180.0,50,-1.5817460317460312,
29,J3CJ2,C_exit,B,40,10.0,180.0,66,-1.5797619047619045,
30,J3CA,C_exit,B,40,10.0,180.0,2,-1.3575396825396826,
31,J3J1B,C_exit,B,40,10.0,180.0,50,-1.67063492063492,
32,J3J1A,C_exit,B,40,10.0,180.0,20,-1.5563492063492061,
33,J3J3B,C_exit,B,40,10.0,180.0,56,-1.6702380952380946,
34,J3J3A,C_exit,B,40,10.0,180.0,20,-1.562301587301587,
21,CJ3A,C_exit,C,20,10.0,69.42,0,-0.5444629629629629,
0,ACB,C_exit,C,20,10.0,71.57000000000001,0,-0.5439074074074075,
1,ACJ1,C_exit,C,20,10.0,71.57000000000001,0,-0.5596481481481482,
3,ACA,C_exit,C,20,10.0,71.57000000000001,0,-0.5545555555555557,
28,J3CB,C_exit,C,20,10.0,71.57000000000001,0,-0.5929814814814816,
4,AJ1B,C_exit,C,20,10.0,73.59,0,-0.5773518518518518,
10,AJ3A,C_exit,C,20,10.0,80.46000000000001,0,-0.6483888888888888,
5,AJ1J1,C_exit,C,20,10.0,82.56,0,-0.6637592592592593,
8,AJ3B,C_exit,C,20,10.0,83.71000000000001,0,-0.6479259259259259,
19,CJ3B,C_exit,C,20,10.0,83.71000000000001,0,-0.6747777777777779,
9,AJ3J1,C_exit,C,20,10.0,84.60000000000001,0,-0.6792592592592593,
7,AJ1A,C_exit,C,20,10.0,85.51,0,-0.6796851851851852,
27,J2J3A,C_exit,C,20,10.0,85.73,0,-0.6841481481481482,
6,AJ1J2,C_exit,C,20,10.0,87.39,0,-0.6896666666666667,
2,ACJ2,C_exit,C,20,10.0,97.78,0,-0.7385925925925927,
31,J3J1B,C_exit,C,20,10.0,103.9,0,-0.8550000000000001,
26,J2J3B,C_exit,C,20,10.0,112.98,0,-0.9276666666666666,
33,J3J3B,C_exit,C,20,10.0,118.8,0,-0.9775925925925927,
15,CJ1B,C_exit,C,20,10.0,127.8,0,-0.9882407407407409,
18,CJ1A,C_exit,C,20,10.0,127.8,0,-0.9789814814814816,
17,CJ1J2,C_exit,C,20,10.0,158.20000000000002,0,-1.2594444444444446,
16,CJ1J1,C_exit,C,20,10.0,166.55,0,-1.336851851851852,
22,J2CB,C_exit,C,20,10.0,173.82,0,-1.365203703703704,
25,J2CA,C_exit,C,20,10.0,173.82,0,-1.3559444444444446,
34,J3J3A,C_exit,C,20,10.0,178.20000000000002,0,-1.465925925925926,
11,CCB,C_exit,C,20,10.0,180.0,43,-1.4481481481481486,
12,CCJ1,C_exit,C,20,10.0,180.0,72,-1.6407407407407402,
13,CCJ2,C_exit,C,20,10.0,180.0,70,-1.6287037037037044,
14,CCA,C_exit,C,20,10.0,180.0,43,-1.4388888888888893,
20,CJ3J1,C_exit,C,20,10.0,180.0,62,-1.587962962962963,
23,J2CJ1,C_exit,C,20,10.0,180.0,62,-1.6430555555555555,
24,J2CJ2,C_exit,C,20,10.0,180.0,40,-1.5949074074074074,
29,J3CJ2,C_exit,C,20,10.0,180.0,54,-1.5458333333333332,
30,J3CA,C_exit,C,20,10.0,180.0,2,-1.2328703703703707,
32,J3J1A,C_exit,C,20,10.0,180.0,5,-1.5115740740740742,
21,CJ3A,C_exit,C,30,10.0,69.42,0,-0.557034188034188,
4,AJ1B,C_exit,C,30,10.0,80.26,0,-0.6330683760683761,
0,ACB,C_exit,C,30,10.0,85.38,0,-0.6414273504273503,
1,ACJ1,C_exit,C,30,10.0,85.38,0,-0.6559572649572649,
3,ACA,C_exit,C,30,10.0,85.38,0,-0.6512564102564102,
28,J3CB,C_exit,C,30,10.0,85.38,0,-0.6867264957264958,
7,AJ1A,C_exit,C,30,10.0,87.03,0,-0.6988846153846153,
6,AJ1J2,C_exit,C,30,10.0,90.44,0,-0.719965811965812,
8,AJ3B,C_exit,C,30,10.0,90.85000000000001,0,-0.7132692307692309,
19,CJ3B,C_exit,C,30,10.0,90.85000000000001,0,-0.7380555555555557,
10,AJ3A,C_exit,C,30,10.0,91.33,0,-0.7368760683760683,
5,AJ1J1,C_exit,C,30,10.0,91.76,0,-0.734991452991453,
27,J2J3A,C_exit,C,30,10.0,92.97,0,-0.7442777777777777,
9,AJ3J1,C_exit,C,30,10.0,94.85000000000001,0,-0.7645512820512821,
31,J3J1B,C_exit,C,30,10.0,104.33,0,-0.8732008547008547,
2,ACJ2,C_exit,C,30,10.0,114.38,0,-0.8632222222222222,
33,J3J3B,C_exit,C,30,10.0,129.82,0,-1.0678034188034187,
26,J2J3B,C_exit,C,30,10.0,133.42000000000002,0,-1.075837606837607,
16,CJ1J1,C_exit,C,30,10.0,171.34,0,-1.3753931623931623,
11,CCB,C_exit,C,30,10.0,180.0,53,-1.4957264957264953,
12,CCJ1,C_exit,C,30,10.0,180.0,90,-1.7149572649572655,
13,CCJ2,C_exit,C,30,10.0,180.0,82,-1.6688034188034182,
14,CCA,C_exit,C,30,10.0,180.0,53,-1.4871794871794868,
15,CJ1B,C_exit,C,30,10.0,180.0,37,-1.4162393162393159,
17,CJ1J2,C_exit,C,30,10.0,180.0,37,-1.4807692307692306,
18,CJ1A,C_exit,C,30,10.0,180.0,37,-1.4076923076923074,
20,CJ3J1,C_exit,C,30,10.0,180.0,64,-1.578205128205128,
22,J2CB,C_exit,C,30,10.0,180.0,17,-1.4551282051282053,
23,J2CJ1,C_exit,C,30,10.0,180.0,76,-1.6760683760683754,
24,J2CJ2,C_exit,C,30,10.0,180.0,61,-1.6551282051282046,
25,J2CA,C_exit,C,30,10.0,180.0,17,-1.4465811965811968,
29,J3CJ2,C_exit,C,30,10.0,180.0,4,-1.4529914529914532,
30,J3CA,C_exit,C,30,10.0,180.0,2,-1.2470085470085472,
32,J3J1A,C_exit,C,30,10.0,180.0,60,-1.638461538461538,
34,J3J3A,C_exit,C,30,10.0,180.0,36,-1.5576923076923075,
21,CJ3A,C_exit,C,40,10.0,71.47,0,-0.5799920634920634,
4,AJ1B,C_exit,C,40,10.0,84.45,0,-0.6703571428571429,
7,AJ1A,C_exit,C,40,10.0,93.81,0,-0.7548968253968253,
10,AJ3A,C_exit,C,40,10.0,94.71000000000001,0,-0.7606904761904763,
6,AJ1J2,C_exit,C,40,10.0,95.91,0,-0.7701349206349206,
5,AJ1J1,C_exit,C,40,10.0,97.77,0,-0.7888015873015872,
0,ACB,C_exit,C,40,10.0,99.11,0,-0.7395,
1,ACJ1,C_exit,C,40,10.0,99.11,0,-0.7529920634920635,
3,ACA,C_exit,C,40,10.0,99.11,0,-0.7486269841269841,
28,J3CB,C_exit,C,40,10.0,99.11,0,-0.7815634920634922,
8,AJ3B,C_exit,C,40,10.0,100.33,0,-0.7855634920634921,
19,CJ3B,C_exit,C,40,10.0,100.33,0,-0.8085793650793651,
9,AJ3J1,C_exit,C,40,10.0,100.54,0,-0.8085555555555555,
27,J2J3A,C_exit,C,40,10.0,101.05,0,-0.8109920634920634,
31,J3J1B,C_exit,C,40,10.0,115.38,0,-0.9564761904761905,
2,ACJ2,C_exit,C,40,10.0,127.07000000000001,0,-0.963484126984127,
26,J2J3B,C_exit,C,40,10.0,128.02,0,-1.0643968253968255,
33,J3J3B,C_exit,C,40,10.0,139.64000000000001,0,-1.1476031746031747,
15,CJ1B,C_exit,C,40,10.0,168.15,0,-1.3032142857142857,
18,CJ1A,C_exit,C,40,10.0,168.15,0,-1.2952777777777778,
11,CCB,C_exit,C,40,10.0,180.0,76,-1.593253968253968,
12,CCJ1,C_exit,C,40,10.0,180.0,89,-1.6801587301587295,
13,CCJ2,C_exit,C,40,10.0,180.0,89,-1.6789682539682533,
14,CCA,C_exit,C,40,10.0,180.0,76,-1.58531746031746,
16,CJ1J1,C_exit,C,40,10.0,180.0,55,-1.5464285714285713,
17,CJ1J2,C_exit,C,40,10.0,180.0,58,-1.551190476190476,
20,CJ3J1,C_exit,C,40,10.0,180.0,90,-1.682539682539682,
22,J2CB,C_exit,C,40,10.0,180.0,21,-1.4876984126984127,
23,J2CJ1,C_exit,C,40,10.0,180.0,92,-1.7071428571428564,
24,J2CJ2,C_exit,C,40,10.0,180.0,82,-1.702777777777777,
25,J2CA,C_exit,C,40,10.0,180.0,21,-1.4797619047619048,
29,J3CJ2,C_exit,C,40,10.0,180.0,63,-1.5690476190476188,
30,J3CA,C_exit,C,40,10.0,180.0,2,-1.2630952380952383,
32,J3J1A,C_exit,C,40,10.0,180.0,67,-1.6714285714285708,
34,J3J3A,C_exit,C,40,10.0,180.0,34,-1.5904761904761902,
0,ACB,C_exit,D,20,10.0,45.12,0,-0.35853703703703704,
3,ACA,C_exit,D,20,10.0,54.68,0,-0.4222962962962963,
4,AJ1B,C_exit,D,20,10.0,55.92,0,-0.43474074074074076,
1,ACJ1,C_exit,D,20,10.0,57.0,0,-0.44027777777777777,
8,AJ3B,C_exit,D,20,10.0,64.5,0,-0.49259259259259264,
5,AJ1J1,C_exit,D,20,10.0,66.39,0,-0.5160555555555556,
7,AJ1A,C_exit,D,20,10.0,67.35,0,-0.518611111111111,
28,J3CB,C_exit,D,20,10.0,68.77,0,-0.539,
19,CJ3B,C_exit,D,20,10.0,69.42,0,-0.5467777777777778,
21,CJ3A,C_exit,D,20,10.0,69.42,0,-0.5139074074074074,
9,AJ3J1,C_exit,D,20,10.0,70.13,0,-0.540537037037037,
2,ACJ2,C_exit,D,20,10.0,71.2,0,-0.527962962962963,
6,AJ1J2,C_exit,D,20,10.0,71.5,0,-0.5467592592592592,
10,AJ3A,C_exit,D,20,10.0,72.14,0,-0.5558703703703703,
27,J2J3A,C_exit,D,20,10.0,75.85000000000001,0,-0.5760185185185187,
31,J3J1B,C_exit,D,20,10.0,89.89,0,-0.7030925925925926,
15,CJ1B,C_exit,D,20,10.0,96.5,0,-0.7189814814814816,
18,CJ1A,C_exit,D,20,10.0,96.5,0,-0.7097222222222223,
26,J2J3B,C_exit,D,20,10.0,100.09,0,-0.7852222222222222,
33,J3J3B,C_exit,D,20,10.0,107.60000000000001,0,-0.8352777777777778,
22,J2CB,C_exit,D,20,10.0,116.58,0,-0.8680370370370372,
25,J2CA,C_exit,D,20,10.0,116.58,0,-0.8587777777777778,
29,J3CJ2,C_exit,D,20,10.0,125.85000000000001,0,-0.9635185185185186,
17,CJ1J2,C_exit,D,20,10.0,129.03,0,-0.9802592592592593,
12,CCJ1,C_exit,D,20,10.0,134.71,0,-1.0261666666666667,
34,J3J3A,C_exit,D,20,10.0,137.28,0,-1.0617407407407409,
32,J3J1A,C_exit,D,20,10.0,150.82,0,-1.1739999999999997,
24,J2CJ2,C_exit,D,20,10.0,165.41,0,-1.2893148148148148,
23,J2CJ1,C_exit,D,20,10.0,179.44,0,-1.4001296296296297,
11,CCB,C_exit,D,20,10.0,180.0,42,-1.407407407407407,
13,CCJ2,C_exit,D,20,10.0,180.0,51,-1.4828703703703696,
14,CCA,C_exit,D,20,10.0,180.0,42,-1.3981481481481477,
16,CJ1J1,C_exit,D,20,10.0,180.0,43,-1.4379629629629636,
20,CJ3J1,C_exit,D,20,10.0,180.0,40,-1.418518518518518,
30,J3CA,C_exit,D,20,10.0,180.0,2,-1.1944444444444446,
0,ACB,C_exit,D,30,10.0,45.12,0,-0.357931623931624,
3,ACA,C_exit,D,30,10.0,54.68,0,-0.42087179487179494,
4,AJ1B,C_exit,D,30,10.0,55.92,0,-0.43288888888888893,
1,ACJ1,C_exit,D,30,10.0,57.0,0,-0.43846153846153846,
5,AJ1J1,C_exit,D,30,10.0,66.39,0,-0.512423076923077,
7,AJ1A,C_exit,D,30,10.0,67.35,0,-0.5151923076923076,
28,J3CB,C_exit,D,30,10.0,69.4,0,-0.5389743589743591,
21,CJ3A,C_exit,D,30,10.0,69.42,0,-0.5117350427350428,
9,AJ3J1,C_exit,D,30,10.0,70.13,0,-0.5366196581196582,
8,AJ3B,C_exit,D,30,10.0,70.74,0,-0.5263333333333333,
19,CJ3B,C_exit,D,30,10.0,70.74,0,-0.5511196581196581,
2,ACJ2,C_exit,D,30,10.0,71.2,0,-0.5254700854700856,
6,AJ1J2,C_exit,D,30,10.0,71.5,0,-0.5429487179487179,
10,AJ3A,C_exit,D,30,10.0,72.14,0,-0.5516324786324787,
27,J2J3A,C_exit,D,30,10.0,75.85000000000001,0,-0.5718162393162395,
31,J3J1B,C_exit,D,30,10.0,83.92,0,-0.6598119658119658,
15,CJ1B,C_exit,D,30,10.0,96.5,0,-0.7126068376068376,
18,CJ1A,C_exit,D,30,10.0,96.5,0,-0.704059829059829,
33,J3J3B,C_exit,D,30,10.0,107.60000000000001,0,-0.8247008547008546,
26,J2J3B,C_exit,D,30,10.0,108.97,0,-0.835730769230769,
22,J2CB,C_exit,D,30,10.0,116.58,0,-0.8587777777777778,
25,J2CA,C_exit,D,30,10.0,116.58,0,-0.8502307692307692,
29,J3CJ2,C_exit,D,30,10.0,125.85000000000001,0,-0.9508760683760683,
17,CJ1J2,C_exit,D,30,10.0,129.03,0,-0.9676880341880341,
12,CCJ1,C_exit,D,30,10.0,134.71,0,-1.0124914529914528,
34,J3J3A,C_exit,D,30,10.0,137.28,0,-1.0464273504273505,
32,J3J1A,C_exit,D,30,10.0,150.82,0,-1.1558376068376068,
24,J2CJ2,C_exit,D,30,10.0,165.41,0,-1.2685170940170938,
23,J2CJ1,C_exit,D,30,10.0,179.44,0,-1.3768034188034186,
11,CCB,C_exit,D,30,10.0,180.0,42,-1.3837606837606833,
13,CCJ2,C_exit,D,30,10.0,180.0,51,-1.453418803418803,
14,CCA,C_exit,D,30,10.0,180.0,42,-1.3752136752136748,
16,CJ1J1,C_exit,D,30,10.0,180.0,43,-1.4119658119658114,
20,CJ3J1,C_exit,D,30,10.0,180.0,40,-1.3940170940170935,
30,J3CA,C_exit,D,30,10.0,180.0,2,-1.1871794871794874,
0,ACB,C_exit,D,40,10.0,45.12,0,-0.3593968253968254,
3,ACA,C_exit,D,40,10.0,54.68,0,-0.4192539682539683,
4,AJ1B,C_exit,D,40,10.0,55.92,0,-0.43328571428571433,
1,ACJ1,C_exit,D,40,10.0,57.0,0,-0.4365079365079365,
5,AJ1J1,C_exit,D,40,10.0,66.39,0,-0.5089126984126984,
7,AJ1A,C_exit,D,40,10.0,67.35,0,-0.5118650793650793,
21,CJ3A,C_exit,D,40,10.0,69.42,0,-0.5094761904761905,
28,J3CB,C_exit,D,40,10.0,69.51,0,-0.5373571428571429,
9,AJ3J1,C_exit,D,40,10.0,70.13,0,-0.5328650793650793,
8,AJ3B,C_exit,D,40,10.0,70.8,0,-0.5254761904761905,
19,CJ3B,C_exit,D,40,10.0,70.8,0,-0.5484920634920636,
2,ACJ2,C_exit,D,40,10.0,71.2,0,-0.5229365079365079,
6,AJ1J2,C_exit,D,40,10.0,71.5,0,-0.5392857142857143,
10,AJ3A,C_exit,D,40,10.0,72.14,0,-0.5476031746031745,
27,J2J3A,C_exit,D,40,10.0,75.85000000000001,0,-0.5678174603174604,
31,J3J1B,C_exit,D,40,10.0,87.27,0,-0.6757063492063492,
15,CJ1B,C_exit,D,40,10.0,96.5,0,-0.709126984126984,
18,CJ1A,C_exit,D,40,10.0,96.5,0,-0.6988095238095238,
26,J2J3B,C_exit,D,40,10.0,106.41,0,-0.8137857142857141,
33,J3J3B,C_exit,D,40,10.0,107.60000000000001,0,-0.8168253968253968,
22,J2CB,C_exit,D,40,10.0,116.58,0,-0.8528253968253968,
25,J2CA,C_exit,D,40,10.0,116.58,0,-0.8425079365079364,
29,J3CJ2,C_exit,D,40,10.0,125.85000000000001,0,-0.9396428571428571,
17,CJ1J2,C_exit,D,40,10.0,129.03,0,-0.9565158730158729,
12,CCJ1,C_exit,D,40,10.0,134.71,0,-1.0003730158730157,
34,J3J3A,C_exit,D,40,10.0,137.28,0,-1.0329047619047618,
32,J3J1A,C_exit,D,40,10.0,150.82,0,-1.1398730158730157,
24,J2CJ2,C_exit,D,40,10.0,165.41,0,-1.2502936507936506,
23,J2CJ1,C_exit,D,40,10.0,179.44,0,-1.3564126984126983,
11,CCB,C_exit,D,40,10.0,180.0,42,-1.36547619047619,
13,CCJ2,C_exit,D,40,10.0,180.0,51,-1.4277777777777771,
14,CCA,C_exit,D,40,10.0,180.0,42,-1.3551587301587298,
16,CJ1J1,C_exit,D,40,10.0,180.0,43,-1.3892857142857138,
20,CJ3J1,C_exit,D,40,10.0,180.0,40,-1.3726190476190472,
30,J3CA,C_exit,D,40,10.0,180.0,2,-1.1805555555555558,
0,ACB,bottom_loop_left,A,20,10.0,60.03,0,-0.47007407407407403,
15,CJ1B,bottom_loop_left,A,20,10.0,60.18,0,-0.4926666666666667,
18,CJ1A,bottom_loop_left,A,20,10.0,60.18,0,-0.4834074074074074,
19,CJ3B,bottom_loop_left,A,20,10.0,60.410000000000004,0,-0.4981111111111112,
21,CJ3A,bottom_loop_left,A,20,10.0,61.53,0,-0.48998148148148146,
11,CCB,bottom_loop_left,A,20,10.0,61.92,0,-0.49631481481481476,
14,CCA,bottom_loop_left,A,20,10.0,61.92,0,-0.4870555555555556,
2,ACJ2,bottom_loop_left,A,20,10.0,63.77,0,-0.5089074074074075,
12,CCJ1,bottom_loop_left,A,20,10.0,66.5,0,-0.5416666666666666,
8,AJ3B,bottom_loop_left,A,20,10.0,67.62,0,-0.5395555555555556,
20,CJ3J1,bottom_loop_left,A,20,10.0,67.64,0,-0.5604999999999999,
13,CCJ2,bottom_loop_left,A,20,10.0,68.57000000000001,0,-0.5573333333333333,
3,ACA,bottom_loop_left,A,20,10.0,68.64,0,-0.5410555555555556,
1,ACJ1,bottom_loop_left,A,20,10.0,68.88,0,-0.5428518518518518,
16,CJ1J1,bottom_loop_left,A,20,10.0,69.38,0,-0.5747962962962964,
17,CJ1J2,bottom_loop_left,A,20,10.0,69.81,0,-0.5781111111111111,
4,AJ1B,bottom_loop_left,A,20,10.0,71.7,0,-0.5668518518518518,
7,AJ1A,bottom_loop_left,A,20,10.0,78.01,0,-0.6269074074074074,
10,AJ3A,bottom_loop_left,A,20,10.0,82.99,0,-0.6615185185185185,
5,AJ1J1,bottom_loop_left,A,20,10.0,84.26,0,-0.6741296296296297,
28,J3CB,bottom_loop_left,A,20,10.0,85.43,0,-0.6861851851851852,
6,AJ1J2,bottom_loop_left,A,20,10.0,86.05,0,-0.6877777777777777,
9,AJ3J1,bottom_loop_left,A,20,10.0,88.42,0,-0.7074259259259258,
31,J3J1B,bottom_loop_left,A,20,10.0,103.97,0,-0.854462962962963,
33,J3J3B,bottom_loop_left,A,20,10.0,115.25,0,-0.9513888888888888,
22,J2CB,bottom_loop_left,A,20,10.0,180.0,16,-1.4634259259259257,
23,J2CJ1,bottom_loop_left,A,20,10.0,180.0,59,-1.6425925925925922,
24,J2CJ2,bottom_loop_left,A,20,10.0,180.0,52,-1.6402777777777777,
25,J2CA,bottom_loop_left,A,20,10.0,180.0,16,-1.4541666666666666,
26,J2J3B,bottom_loop_left,A,20,10.0,180.0,76,-1.6685185185185192,
27,J2J3A,bottom_loop_left,A,20,10.0,180.0,76,-1.6541666666666672,
29,J3CJ2,bottom_loop_left,A,20,10.0,180.0,74,-1.6504629629629628,
30,J3CA,bottom_loop_left,A,20,10.0,180.0,2,-1.3212962962962966,
32,J3J1A,bottom_loop_left,A,20,10.0,180.0,5,-1.5222222222222221,
34,J3J3A,bottom_loop_left,A,20,10.0,180.0,3,-1.4856481481481485,
0,ACB,bottom_loop_left,A,30,10.0,63.38,0,-0.4995470085470085,
19,CJ3B,bottom_loop_left,A,30,10.0,65.26,0,-0.5381965811965812,
21,CJ3A,bottom_loop_left,A,30,10.0,65.79,0,-0.5278931623931624,
11,CCB,bottom_loop_left,A,30,10.0,66.68,0,-0.5345470085470085,
14,CCA,bottom_loop_left,A,30,10.0,66.68,0,-0.526,
15,CJ1B,bottom_loop_left,A,30,10.0,66.75,0,-0.5430555555555555,
18,CJ1A,bottom_loop_left,A,30,10.0,66.75,0,-0.534508547008547,
12,CCJ1,bottom_loop_left,A,30,10.0,70.67,0,-0.5780811965811965,
2,ACJ2,bottom_loop_left,A,30,10.0,72.56,0,-0.5736239316239317,
1,ACJ1,bottom_loop_left,A,30,10.0,72.9,0,-0.5785042735042736,
16,CJ1J1,bottom_loop_left,A,30,10.0,73.8,0,-0.610854700854701,
13,CCJ2,bottom_loop_left,A,30,10.0,73.92,0,-0.599982905982906,
20,CJ3J1,bottom_loop_left,A,30,10.0,74.34,0,-0.6130000000000001,
8,AJ3B,bottom_loop_left,A,30,10.0,75.39,0,-0.5991752136752136,
17,CJ1J2,bottom_loop_left,A,30,10.0,75.54,0,-0.6256495726495728,
3,ACA,bottom_loop_left,A,30,10.0,75.95,0,-0.5980128205128206,
4,AJ1B,bottom_loop_left,A,30,10.0,77.82000000000001,0,-0.6160940170940171,
9,AJ3J1,bottom_loop_left,A,30,10.0,85.77,0,-0.6978675213675213,
7,AJ1A,bottom_loop_left,A,30,10.0,86.46000000000001,0,-0.6922991452991454,
5,AJ1J1,bottom_loop_left,A,30,10.0,89.58,0,-0.719034188034188,
28,J3CB,bottom_loop_left,A,30,10.0,89.62,0,-0.7278034188034189,
6,AJ1J2,bottom_loop_left,A,30,10.0,91.09,0,-0.7321239316239316,
10,AJ3A,bottom_loop_left,A,30,10.0,91.51,0,-0.7323205128205128,
31,J3J1B,bottom_loop_left,A,30,10.0,108.39,0,-0.8974658119658121,
33,J3J3B,bottom_loop_left,A,30,10.0,120.98,0,-1.0024529914529914,
30,J3CA,bottom_loop_left,A,30,10.0,156.62,0,-1.2525897435897437,
22,J2CB,bottom_loop_left,A,30,10.0,180.0,53,-1.5478632478632477,
23,J2CJ1,bottom_loop_left,A,30,10.0,180.0,73,-1.6752136752136746,
24,J2CJ2,bottom_loop_left,A,30,10.0,180.0,78,-1.6961538461538455,
25,J2CA,bottom_loop_left,A,30,10.0,180.0,53,-1.5393162393162392,
26,J2J3B,bottom_loop_left,A,30,10.0,180.0,86,-1.6940170940170933,
27,J2J3A,bottom_loop_left,A,30,10.0,180.0,86,-1.68076923076923,
29,J3CJ2,bottom_loop_left,A,30,10.0,180.0,84,-1.6773504273504267,
32,J3J1A,bottom_loop_left,A,30,10.0,180.0,35,-1.5995726495726492,
34,J3J3A,bottom_loop_left,A,30,10.0,180.0,27,-1.575213675213675,
0,ACB,bottom_loop_left,A,40,10.0,70.60000000000001,0,-0.5533333333333335,
21,CJ3A,bottom_loop_left,A,40,10.0,70.91,0,-0.5689444444444445,
19,CJ3B,bottom_loop_left,A,40,10.0,71.2,0,-0.5824603174603176,
11,CCB,bottom_loop_left,A,40,10.0,72.58,0,-0.581,
14,CCA,bottom_loop_left,A,40,10.0,72.58,0,-0.573063492063492,
15,CJ1B,bottom_loop_left,A,40,10.0,74.17,0,-0.5977698412698413,
18,CJ1A,bottom_loop_left,A,40,10.0,74.17,0,-0.5898333333333333,
20,CJ3J1,bottom_loop_left,A,40,10.0,76.73,0,-0.6397698412698414,
12,CCJ1,bottom_loop_left,A,40,10.0,77.41,0,-0.6296587301587302,
13,CCJ2,bottom_loop_left,A,40,10.0,77.85000000000001,0,-0.6348809523809524,
17,CJ1J2,bottom_loop_left,A,40,10.0,78.35000000000001,0,-0.6539285714285715,
3,ACA,bottom_loop_left,A,40,10.0,80.02,0,-0.631063492063492,
16,CJ1J1,bottom_loop_left,A,40,10.0,80.23,0,-0.6611984126984128,
1,ACJ1,bottom_loop_left,A,40,10.0,81.56,0,-0.6471587301587303,
8,AJ3B,bottom_loop_left,A,40,10.0,82.45,0,-0.6552777777777777,
2,ACJ2,bottom_loop_left,A,40,10.0,82.93,0,-0.6496111111111111,
4,AJ1B,bottom_loop_left,A,40,10.0,84.27,0,-0.6685634920634921,
6,AJ1J2,bottom_loop_left,A,40,10.0,94.68,0,-0.7652857142857143,
7,AJ1A,bottom_loop_left,A,40,10.0,95.22,0,-0.7674920634920634,
9,AJ3J1,bottom_loop_left,A,40,10.0,95.88,0,-0.773142857142857,
10,AJ3A,bottom_loop_left,A,40,10.0,96.23,0,-0.7778650793650793,
5,AJ1J1,bottom_loop_left,A,40,10.0,96.75,0,-0.7847222222222222,
28,J3CB,bottom_loop_left,A,40,10.0,99.52,0,-0.8048730158730157,
31,J3J1B,bottom_loop_left,A,40,10.0,115.24000000000001,0,-0.9564920634920636,
33,J3J3B,bottom_loop_left,A,40,10.0,126.61,0,-1.05418253968254,
22,J2CB,bottom_loop_left,A,40,10.0,180.0,65,-1.578174603174603,
23,J2CJ1,bottom_loop_left,A,40,10.0,180.0,86,-1.7039682539682532,
24,J2CJ2,bottom_loop_left,A,40,10.0,180.0,80,-1.7202380952380945,
25,J2CA,bottom_loop_left,A,40,10.0,180.0,65,-1.570238095238095,
26,J2J3B,bottom_loop_left,A,40,10.0,180.0,96,-1.7158730158730164,
27,J2J3A,bottom_loop_left,A,40,10.0,180.0,96,-1.7035714285714292,
29,J3CJ2,bottom_loop_left,A,40,10.0,180.0,94,-1.7003968253968245,
30,J3CA,bottom_loop_left,A,40,10.0,180.0,13,-1.4753968253968255,
32,J3J1A,bottom_loop_left,A,40,10.0,180.0,78,-1.6932539682539676,
34,J3J3A,bottom_loop_left,A,40,10.0,180.0,55,-1.6428571428571423,
14,CCA,bottom_loop_left,B,20,10.0,49.63,0,-0.4011851851851852,
18,CJ1A,bottom_loop_left,B,20,10.0,54.7,0,-0.43768518518518523,
21,CJ3A,bottom_loop_left,B,20,10.0,57.59,0,-0.4555925925925926,
12,CCJ1,bottom_loop_left,B,20,10.0,66.4,0,-0.5411111111111111,
3,ACA,bottom_loop_left,B,20,10.0,68.03,0,-0.5367407407407407,
20,CJ3J1,bottom_loop_left,B,20,10.0,68.99,0,-0.5693888888888888,
2,ACJ2,bottom_loop_left,B,20,10.0,69.04,0,-0.5395740740740741,
16,CJ1J1,bottom_loop_left,B,20,10.0,70.11,0,-0.577925925925926,
1,ACJ1,bottom_loop_left,B,20,10.0,70.86,0,-0.5575555555555556,
17,CJ1J2,bottom_loop_left,B,20,10.0,73.82000000000001,0,-0.6036296296296297,
13,CCJ2,bottom_loop_left,B,20,10.0,73.9,0,-0.5878703703703705,
7,AJ1A,bottom_loop_left,B,20,10.0,79.35000000000001,0,-0.6352777777777777,
10,AJ3A,bottom_loop_left,B,20,10.0,82.12,0,-0.6580740740740741,
5,AJ1J1,bottom_loop_left,B,20,10.0,82.51,0,-0.6630185185185186,
8,AJ3B,bottom_loop_left,B,20,10.0,83.27,0,-0.6528888888888889,
19,CJ3B,bottom_loop_left,B,20,10.0,83.27,0,-0.6589074074074075,
6,AJ1J2,bottom_loop_left,B,20,10.0,83.59,0,-0.6713333333333332,
0,ACB,bottom_loop_left,B,20,10.0,85.53,0,-0.6510925925925926,
4,AJ1B,bottom_loop_left,B,20,10.0,85.53,0,-0.6705370370370369,
11,CCB,bottom_loop_left,B,20,10.0,85.53,0,-0.6626666666666666,
15,CJ1B,bottom_loop_left,B,20,10.0,85.53,0,-0.6709999999999999,
9,AJ3J1,bottom_loop_left,B,20,10.0,85.81,0,-0.6896851851851852,
22,J2CB,bottom_loop_left,B,20,10.0,119.85000000000001,0,-0.9676851851851852,
25,J2CA,bottom_loop_left,B,20,10.0,119.85000000000001,0,-0.9056481481481482,
30,J3CA,bottom_loop_left,B,20,10.0,124.16,0,-0.9795925925925925,
28,J3CB,bottom_loop_left,B,20,10.0,145.26,0,-1.170888888888889,
33,J3J3B,bottom_loop_left,B,20,10.0,157.25,0,-1.3138888888888889,
31,J3J1B,bottom_loop_left,B,20,10.0,179.57,0,-1.4957592592592592,
23,J2CJ1,bottom_loop_left,B,20,10.0,180.0,62,-1.6365740740740744,
24,J2CJ2,bottom_loop_left,B,20,10.0,180.0,27,-1.5893518518518517,
26,J2J3B,bottom_loop_left,B,20,10.0,180.0,56,-1.5800925925925928,
27,J2J3A,bottom_loop_left,B,20,10.0,180.0,56,-1.5194444444444444,
29,J3CJ2,bottom_loop_left,B,20,10.0,180.0,74,-1.6504629629629628,
32,J3J1A,bottom_loop_left,B,20,10.0,180.0,4,-1.512962962962963,
34,J3J3A,bottom_loop_left,B,20,10.0,180.0,2,-1.4259259259259263,
14,CCA,bottom_loop_left,B,30,10.0,52.1,0,-0.4223504273504273,
18,CJ1A,bottom_loop_left,B,30,10.0,54.7,0,-0.4444871794871795,
21,CJ3A,bottom_loop_left,B,30,10.0,57.59,0,-0.46438888888888885,
12,CCJ1,bottom_loop_left,B,30,10.0,71.47,0,-0.582525641025641,
20,CJ3J1,bottom_loop_left,B,30,10.0,73.26,0,-0.6074273504273506,
16,CJ1J1,bottom_loop_left,B,30,10.0,74.21000000000001,0,-0.6148418803418805,
3,ACA,bottom_loop_left,B,30,10.0,74.25,0,-0.5838675213675214,
2,ACJ2,bottom_loop_left,B,30,10.0,77.8,0,-0.6074358974358974,
1,ACJ1,bottom_loop_left,B,30,10.0,78.21000000000001,0,-0.6148418803418804,
17,CJ1J2,bottom_loop_left,B,30,10.0,78.36,0,-0.6421709401709402,
13,CCJ2,bottom_loop_left,B,30,10.0,80.23,0,-0.6393119658119659,
9,AJ3J1,bottom_loop_left,B,30,10.0,89.24,0,-0.7201367521367521,
6,AJ1J2,bottom_loop_left,B,30,10.0,89.27,0,-0.7190213675213675,
7,AJ1A,bottom_loop_left,B,30,10.0,90.08,0,-0.7222393162393163,
10,AJ3A,bottom_loop_left,B,30,10.0,90.25,0,-0.7231837606837607,
5,AJ1J1,bottom_loop_left,B,30,10.0,94.07000000000001,0,-0.7550897435897436,
0,ACB,bottom_loop_left,B,30,10.0,109.66,0,-0.8293076923076923,
4,AJ1B,bottom_loop_left,B,30,10.0,109.66,0,-0.8472564102564102,
11,CCB,bottom_loop_left,B,30,10.0,109.66,0,-0.839991452991453,
15,CJ1B,bottom_loop_left,B,30,10.0,109.66,0,-0.8476837606837606,
22,J2CB,bottom_loop_left,B,30,10.0,119.85000000000001,0,-1.00215811965812,
25,J2CA,bottom_loop_left,B,30,10.0,119.85000000000001,0,-0.9042948717948718,
8,AJ3B,bottom_loop_left,B,30,10.0,131.58,0,-1.007923076923077,
19,CJ3B,bottom_loop_left,B,30,10.0,131.58,0,-1.0134786324786325,
30,J3CA,bottom_loop_left,B,30,10.0,142.83,0,-1.120423076923077,
28,J3CB,bottom_loop_left,B,30,10.0,171.26,0,-1.38691452991453,
23,J2CJ1,bottom_loop_left,B,30,10.0,180.0,72,-1.666666666666666,
24,J2CJ2,bottom_loop_left,B,30,10.0,180.0,55,-1.6448717948717944,
26,J2J3B,bottom_loop_left,B,30,10.0,180.0,56,-1.6367521367521363,
27,J2J3A,bottom_loop_left,B,30,10.0,180.0,56,-1.4987179487179485,
29,J3CJ2,bottom_loop_left,B,30,10.0,180.0,84,-1.6773504273504267,
31,J3J1B,bottom_loop_left,B,30,10.0,180.0,29,-1.5683760683760681,
32,J3J1A,bottom_loop_left,B,30,10.0,180.0,11,-1.5256410256410255,
33,J3J3B,bottom_loop_left,B,30,10.0,180.0,40,-1.5794871794871792,
34,J3J3A,bottom_loop_left,B,30,10.0,180.0,3,-1.4752136752136753,
14,CCA,bottom_loop_left,B,40,10.0,58.68,0,-0.4684603174603174,
18,CJ1A,bottom_loop_left,B,40,10.0,58.68,0,-0.47560317460317464,
21,CJ3A,bottom_loop_left,B,40,10.0,61.480000000000004,0,-0.4967142857142858,
12,CCJ1,bottom_loop_left,B,40,10.0,75.84,0,-0.620936507936508,
16,CJ1J1,bottom_loop_left,B,40,10.0,78.06,0,-0.6491428571428572,
20,CJ3J1,bottom_loop_left,B,40,10.0,79.62,0,-0.655825396825397,
3,ACA,bottom_loop_left,B,40,10.0,80.75,0,-0.6343253968253968,
2,ACJ2,bottom_loop_left,B,40,10.0,83.33,0,-0.6550079365079364,
1,ACJ1,bottom_loop_left,B,40,10.0,85.53,0,-0.6739761904761905,
13,CCJ2,bottom_loop_left,B,40,10.0,85.73,0,-0.6846111111111112,
17,CJ1J2,bottom_loop_left,B,40,10.0,86.57000000000001,0,-0.7051507936507938,
7,AJ1A,bottom_loop_left,B,40,10.0,93.89,0,-0.7581190476190477,
9,AJ3J1,bottom_loop_left,B,40,10.0,96.96000000000001,0,-0.783904761904762,
10,AJ3A,bottom_loop_left,B,40,10.0,98.10000000000001,0,-0.7902380952380952,
5,AJ1J1,bottom_loop_left,B,40,10.0,101.16,0,-0.815968253968254,
6,AJ1J2,bottom_loop_left,B,40,10.0,101.91,0,-0.8209285714285715,
25,J2CA,bottom_loop_left,B,40,10.0,119.85000000000001,0,-0.9063095238095238,
0,ACB,bottom_loop_left,B,40,10.0,127.94,0,-0.9778412698412698,
4,AJ1B,bottom_loop_left,B,40,10.0,127.94,0,-0.9945079365079365,
11,CCB,bottom_loop_left,B,40,10.0,127.94,0,-0.9877619047619047,
15,CJ1B,bottom_loop_left,B,40,10.0,127.94,0,-0.9949047619047618,
22,J2CB,bottom_loop_left,B,40,10.0,127.94,0,-1.0857777777777775,
8,AJ3B,bottom_loop_left,B,40,10.0,166.28,0,-1.2654444444444444,
19,CJ3B,bottom_loop_left,B,40,10.0,166.28,0,-1.2706031746031745,
23,J2CJ1,bottom_loop_left,B,40,10.0,180.0,87,-1.697619047619047,
24,J2CJ2,bottom_loop_left,B,40,10.0,180.0,72,-1.713492063492063,
26,J2J3B,bottom_loop_left,B,40,10.0,180.0,56,-1.6757936507936502,
27,J2J3A,bottom_loop_left,B,40,10.0,180.0,56,-1.4841269841269835,
28,J3CB,bottom_loop_left,B,40,10.0,180.0,49,-1.576587301587301,
29,J3CJ2,bottom_loop_left,B,40,10.0,180.0,94,-1.7003968253968245,
30,J3CA,bottom_loop_left,B,40,10.0,180.0,2,-1.3551587301587302,
31,J3J1B,bottom_loop_left,B,40,10.0,180.0,50,-1.686507936507936,
32,J3J1A,bottom_loop_left,B,40,10.0,180.0,15,-1.551190476190476,
33,J3J3B,bottom_loop_left,B,40,10.0,180.0,50,-1.6591269841269836,
34,J3J3A,bottom_loop_left,B,40,10.0,180.0,15,-1.5269841269841269,
0,ACB,bottom_loop_left,C,20,10.0,55.31,0,-0.43968518518518523,
3,ACA,bottom_loop_left,C,20,10.0,55.31,0,-0.45033333333333336,
2,ACJ2,bottom_loop_left,C,20,10.0,56.89,0,-0.46466666666666673,
1,ACJ1,bottom_loop_left,C,20,10.0,57.0,0,-0.4648148148148148,
11,CCB,bottom_loop_left,C,20,10.0,57.22,0,-0.4669629629629629,
14,CCA,bottom_loop_left,C,20,10.0,57.22,0,-0.4577037037037037,
12,CCJ1,bottom_loop_left,C,20,10.0,66.23,0,-0.5406296296296297,
13,CCJ2,bottom_loop_left,C,20,10.0,68.94,0,-0.5584629629629629,
28,J3CB,bottom_loop_left,C,20,10.0,69.5,0,-0.5675925925925926,
4,AJ1B,bottom_loop_left,C,20,10.0,72.3,0,-0.5692592592592592,
15,CJ1B,bottom_loop_left,C,20,10.0,72.94,0,-0.5746666666666667,
18,CJ1A,bottom_loop_left,C,20,10.0,72.94,0,-0.5654074074074074,
21,CJ3A,bottom_loop_left,C,20,10.0,76.07000000000001,0,-0.585574074074074,
8,AJ3B,bottom_loop_left,C,20,10.0,76.98,0,-0.5966481481481481,
16,CJ1J1,bottom_loop_left,C,20,10.0,77.3,0,-0.6266666666666668,
19,CJ3B,bottom_loop_left,C,20,10.0,77.69,0,-0.608925925925926,
17,CJ1J2,bottom_loop_left,C,20,10.0,80.34,0,-0.6477222222222223,
20,CJ3J1,bottom_loop_left,C,20,10.0,81.35000000000001,0,-0.6463888888888889,
7,AJ1A,bottom_loop_left,C,20,10.0,82.97,0,-0.6614074074074074,
6,AJ1J2,bottom_loop_left,C,20,10.0,83.46000000000001,0,-0.670148148148148,
9,AJ3J1,bottom_loop_left,C,20,10.0,83.49,0,-0.6684629629629629,
10,AJ3A,bottom_loop_left,C,20,10.0,83.96000000000001,0,-0.6780185185185185,
5,AJ1J1,bottom_loop_left,C,20,10.0,84.33,0,-0.6745185185185185,
31,J3J1B,bottom_loop_left,C,20,10.0,100.43,0,-0.8315555555555555,
33,J3J3B,bottom_loop_left,C,20,10.0,109.73,0,-0.9142407407407407,
22,J2CB,bottom_loop_left,C,20,10.0,180.0,2,-1.4189814814814816,
23,J2CJ1,bottom_loop_left,C,20,10.0,180.0,59,-1.6449074074074068,
24,J2CJ2,bottom_loop_left,C,20,10.0,180.0,61,-1.6634259259259259,
25,J2CA,bottom_loop_left,C,20,10.0,180.0,2,-1.4097222222222223,
26,J2J3B,bottom_loop_left,C,20,10.0,180.0,76,-1.6685185185185192,
27,J2J3A,bottom_loop_left,C,20,10.0,180.0,76,-1.6541666666666672,
29,J3CJ2,bottom_loop_left,C,20,10.0,180.0,54,-1.5254629629629628,
30,J3CA,bottom_loop_left,C,20,10.0,180.0,2,-1.2189814814814817,
32,J3J1A,bottom_loop_left,C,20,10.0,180.0,14,-1.549537037037037,
34,J3J3A,bottom_loop_left,C,20,10.0,180.0,6,-1.490277777777778,
0,ACB,bottom_loop_left,C,30,10.0,61.980000000000004,0,-0.49005982905982903,
1,ACJ1,bottom_loop_left,C,30,10.0,61.980000000000004,0,-0.5045897435897436,
3,ACA,bottom_loop_left,C,30,10.0,61.980000000000004,0,-0.49988888888888894,
11,CCB,bottom_loop_left,C,30,10.0,65.8,0,-0.5275213675213675,
14,CCA,bottom_loop_left,C,30,10.0,65.8,0,-0.518974358974359,
2,ACJ2,bottom_loop_left,C,30,10.0,68.4,0,-0.5406837606837608,
28,J3CB,bottom_loop_left,C,30,10.0,69.5,0,-0.5771367521367522,
12,CCJ1,bottom_loop_left,C,30,10.0,73.36,0,-0.5977264957264958,
13,CCJ2,bottom_loop_left,C,30,10.0,75.11,0,-0.6070213675213676,
4,AJ1B,bottom_loop_left,C,30,10.0,79.29,0,-0.625542735042735,
15,CJ1B,bottom_loop_left,C,30,10.0,81.23,0,-0.6371752136752137,
18,CJ1A,bottom_loop_left,C,30,10.0,81.23,0,-0.6286282051282052,
8,AJ3B,bottom_loop_left,C,30,10.0,86.02,0,-0.6654957264957264,
7,AJ1A,bottom_loop_left,C,30,10.0,87.33,0,-0.700551282051282,
17,CJ1J2,bottom_loop_left,C,30,10.0,87.49,0,-0.7061410256410257,
9,AJ3J1,bottom_loop_left,C,30,10.0,87.83,0,-0.7101666666666666,
16,CJ1J1,bottom_loop_left,C,30,10.0,88.43,0,-0.7079444444444446,
21,CJ3A,bottom_loop_left,C,30,10.0,88.53,0,-0.6785854700854701,
19,CJ3B,bottom_loop_left,C,30,10.0,88.84,0,-0.6922735042735042,
6,AJ1J2,bottom_loop_left,C,30,10.0,90.36,0,-0.7267863247863248,
10,AJ3A,bottom_loop_left,C,30,10.0,91.24,0,-0.735948717948718,
20,CJ3J1,bottom_loop_left,C,30,10.0,92.27,0,-0.7305598290598292,
5,AJ1J1,bottom_loop_left,C,30,10.0,92.37,0,-0.7409444444444444,
31,J3J1B,bottom_loop_left,C,30,10.0,107.83,0,-0.8917905982905984,
33,J3J3B,bottom_loop_left,C,30,10.0,115.93,0,-0.9684145299145299,
22,J2CB,bottom_loop_left,C,30,10.0,180.0,22,-1.4867521367521368,
23,J2CJ1,bottom_loop_left,C,30,10.0,180.0,82,-1.6944444444444438,
24,J2CJ2,bottom_loop_left,C,30,10.0,180.0,77,-1.693589743589743,
25,J2CA,bottom_loop_left,C,30,10.0,180.0,22,-1.4782051282051283,
26,J2J3B,bottom_loop_left,C,30,10.0,180.0,86,-1.6940170940170933,
27,J2J3A,bottom_loop_left,C,30,10.0,180.0,86,-1.68076923076923,
29,J3CJ2,bottom_loop_left,C,30,10.0,180.0,54,-1.5085470085470085,
30,J3CA,bottom_loop_left,C,30,10.0,180.0,2,-1.2256410256410257,
32,J3J1A,bottom_loop_left,C,30,10.0,180.0,45,-1.6179487179487175,
34,J3J3A,bottom_loop_left,C,30,10.0,180.0,24,-1.5482905982905981,
11,CCB,bottom_loop_left,C,40,10.0,70.02,0,-0.5628095238095238,
14,CCA,bottom_loop_left,C,40,10.0,70.02,0,-0.5548730158730159,
0,ACB,bottom_loop_left,C,40,10.0,70.92,0,-0.5531269841269841,
1,ACJ1,bottom_loop_left,C,40,10.0,70.92,0,-0.5666190476190476,
3,ACA,bottom_loop_left,C,40,10.0,70.92,0,-0.5622539682539682,
28,J3CB,bottom_loop_left,C,40,10.0,70.92,0,-0.5951904761904762,
2,ACJ2,bottom_loop_left,C,40,10.0,71.95,0,-0.5735317460317461,
12,CCJ1,bottom_loop_left,C,40,10.0,76.88,0,-0.6286984126984126,
13,CCJ2,bottom_loop_left,C,40,10.0,77.09,0,-0.6290714285714286,
15,CJ1B,bottom_loop_left,C,40,10.0,86.9,0,-0.6875396825396826,
18,CJ1A,bottom_loop_left,C,40,10.0,86.9,0,-0.6796031746031745,
4,AJ1B,bottom_loop_left,C,40,10.0,87.43,0,-0.6888968253968255,
8,AJ3B,bottom_loop_left,C,40,10.0,87.77,0,-0.6856269841269841,
16,CJ1J1,bottom_loop_left,C,40,10.0,94.11,0,-0.7601349206349207,
7,AJ1A,bottom_loop_left,C,40,10.0,95.7,0,-0.7626190476190476,
21,CJ3A,bottom_loop_left,C,40,10.0,95.99000000000001,0,-0.7384365079365081,
6,AJ1J2,bottom_loop_left,C,40,10.0,96.2,0,-0.776904761904762,
5,AJ1J1,bottom_loop_left,C,40,10.0,96.71000000000001,0,-0.7801349206349206,
19,CJ3B,bottom_loop_left,C,40,10.0,98.39,0,-0.7692301587301588,
17,CJ1J2,bottom_loop_left,C,40,10.0,99.18,0,-0.7934603174603175,
9,AJ3J1,bottom_loop_left,C,40,10.0,101.08,0,-0.806,
10,AJ3A,bottom_loop_left,C,40,10.0,101.11,0,-0.8188650793650794,
20,CJ3J1,bottom_loop_left,C,40,10.0,102.49000000000001,0,-0.8082777777777779,
31,J3J1B,bottom_loop_left,C,40,10.0,114.91,0,-0.9506904761904762,
33,J3J3B,bottom_loop_left,C,40,10.0,126.10000000000001,0,-1.0549206349206348,
22,J2CB,bottom_loop_left,C,40,10.0,180.0,23,-1.4944444444444445,
23,J2CJ1,bottom_loop_left,C,40,10.0,180.0,94,-1.7138888888888881,
24,J2CJ2,bottom_loop_left,C,40,10.0,180.0,93,-1.7234126984126983,
25,J2CA,bottom_loop_left,C,40,10.0,180.0,23,-1.4865079365079366,
26,J2J3B,bottom_loop_left,C,40,10.0,180.0,96,-1.7158730158730164,
27,J2J3A,bottom_loop_left,C,40,10.0,180.0,96,-1.7035714285714292,
29,J3CJ2,bottom_loop_left,C,40,10.0,180.0,54,-1.4968253968253962,
30,J3CA,bottom_loop_left,C,40,10.0,180.0,2,-1.2333333333333334,
32,J3J1A,bottom_loop_left,C,40,10.0,180.0,73,-1.6769841269841264,
34,J3J3A,bottom_loop_left,C,40,10.0,180.0,31,-1.5801587301587299,
0,ACB,bottom_loop_left,D,20,10.0,45.12,0,-0.3557592592592592,
11,CCB,bottom_loop_left,D,20,10.0,49.63,0,-0.3923888888888889,
14,CCA,bottom_loop_left,D,20,10.0,49.63,0,-0.3831296296296296,
2,ACJ2,bottom_loop_left,D,20,10.0,53.99,0,-0.418462962962963,
12,CCJ1,bottom_loop_left,D,20,10.0,54.620000000000005,0,-0.43677777777777776,
3,ACA,bottom_loop_left,D,20,10.0,54.68,0,-0.41951851851851857,
15,CJ1B,bottom_loop_left,D,20,10.0,54.7,0,-0.42888888888888893,
18,CJ1A,bottom_loop_left,D,20,10.0,54.7,0,-0.41962962962962963,
13,CCJ2,bottom_loop_left,D,20,10.0,55.620000000000005,0,-0.44418518518518524,
8,AJ3B,bottom_loop_left,D,20,10.0,56.28,0,-0.4362777777777778,
4,AJ1B,bottom_loop_left,D,20,10.0,56.51,0,-0.43848148148148147,
1,ACJ1,bottom_loop_left,D,20,10.0,57.0,0,-0.4375,
19,CJ3B,bottom_loop_left,D,20,10.0,57.54,0,-0.44929629629629625,
21,CJ3A,bottom_loop_left,D,20,10.0,57.59,0,-0.43522222222222223,
17,CJ1J2,bottom_loop_left,D,20,10.0,61.1,0,-0.48666666666666664,
16,CJ1J1,bottom_loop_left,D,20,10.0,62.36,0,-0.49274074074074076,
20,CJ3J1,bottom_loop_left,D,20,10.0,65.13,0,-0.5076666666666666,
9,AJ3J1,bottom_loop_left,D,20,10.0,65.63,0,-0.5109074074074074,
7,AJ1A,bottom_loop_left,D,20,10.0,67.37,0,-0.5191851851851852,
6,AJ1J2,bottom_loop_left,D,20,10.0,67.7,0,-0.5251851851851852,
28,J3CB,bottom_loop_left,D,20,10.0,69.5,0,-0.5402777777777777,
5,AJ1J1,bottom_loop_left,D,20,10.0,71.24,0,-0.5480925925925926,
10,AJ3A,bottom_loop_left,D,20,10.0,74.08,0,-0.5694259259259258,
31,J3J1B,bottom_loop_left,D,20,10.0,84.33,0,-0.6708148148148148,
33,J3J3B,bottom_loop_left,D,20,10.0,96.98,0,-0.7656296296296297,
22,J2CB,bottom_loop_left,D,20,10.0,119.85000000000001,0,-0.896851851851852,
25,J2CA,bottom_loop_left,D,20,10.0,119.85000000000001,0,-0.8875925925925926,
24,J2CJ2,bottom_loop_left,D,20,10.0,160.57,0,-1.2573333333333332,
23,J2CJ1,bottom_loop_left,D,20,10.0,180.0,8,-1.424074074074074,
26,J2J3B,bottom_loop_left,D,20,10.0,180.0,56,-1.513425925925926,
27,J2J3A,bottom_loop_left,D,20,10.0,180.0,56,-1.4990740740740742,
29,J3CJ2,bottom_loop_left,D,20,10.0,180.0,54,-1.4953703703703702,
30,J3CA,bottom_loop_left,D,20,10.0,180.0,2,-1.1916666666666669,
32,J3J1A,bottom_loop_left,D,20,10.0,180.0,2,-1.3328703703703708,
34,J3J3A,bottom_loop_left,D,20,10.0,180.0,2,-1.2893518518518523,
0,ACB,bottom_loop_left,D,30,10.0,45.12,0,-0.3557948717948718,
11,CCB,bottom_loop_left,D,30,10.0,49.63,0,-0.39153418803418805,
14,CCA,bottom_loop_left,D,30,10.0,49.63,0,-0.38255982905982905,
2,ACJ2,bottom_loop_left,D,30,10.0,53.99,0,-0.4170384615384616,
12,CCJ1,bottom_loop_left,D,30,10.0,54.620000000000005,0,-0.4342136752136752,
3,ACA,bottom_loop_left,D,30,10.0,54.68,0,-0.4183076923076924,
15,CJ1B,bottom_loop_left,D,30,10.0,54.7,0,-0.42739316239316244,
18,CJ1A,bottom_loop_left,D,30,10.0,54.7,0,-0.4184188034188035,
13,CCJ2,bottom_loop_left,D,30,10.0,55.620000000000005,0,-0.4414786324786325,
8,AJ3B,bottom_loop_left,D,30,10.0,56.28,0,-0.43488888888888894,
4,AJ1B,bottom_loop_left,D,30,10.0,56.51,0,-0.43702136752136755,
1,ACJ1,bottom_loop_left,D,30,10.0,57.0,0,-0.4358974358974359,
19,CJ3B,bottom_loop_left,D,30,10.0,57.54,0,-0.4474444444444444,
21,CJ3A,bottom_loop_left,D,30,10.0,57.59,0,-0.43404700854700856,
17,CJ1J2,bottom_loop_left,D,30,10.0,61.1,0,-0.483034188034188,
16,CJ1J1,bottom_loop_left,D,30,10.0,62.36,0,-0.48917948717948717,
20,CJ3J1,bottom_loop_left,D,30,10.0,65.13,0,-0.5041410256410256,
9,AJ3J1,bottom_loop_left,D,30,10.0,65.63,0,-0.5073461538461539,
7,AJ1A,bottom_loop_left,D,30,10.0,67.37,0,-0.5157307692307692,
6,AJ1J2,bottom_loop_left,D,30,10.0,67.7,0,-0.5214102564102564,
5,AJ1J1,bottom_loop_left,D,30,10.0,71.24,0,-0.5440683760683761,
28,J3CB,bottom_loop_left,D,30,10.0,72.65,0,-0.5557478632478633,
10,AJ3A,bottom_loop_left,D,30,10.0,74.08,0,-0.564974358974359,
31,J3J1B,bottom_loop_left,D,30,10.0,87.13,0,-0.6797820512820512,
33,J3J3B,bottom_loop_left,D,30,10.0,96.98,0,-0.7558717948717948,
22,J2CB,bottom_loop_left,D,30,10.0,119.85000000000001,0,-0.8872008547008546,
25,J2CA,bottom_loop_left,D,30,10.0,119.85000000000001,0,-0.8782264957264957,
24,J2CJ2,bottom_loop_left,D,30,10.0,160.57,0,-1.2369273504273504,
23,J2CJ1,bottom_loop_left,D,30,10.0,180.0,8,-1.3991452991452988,
26,J2J3B,bottom_loop_left,D,30,10.0,180.0,56,-1.482051282051282,
27,J2J3A,bottom_loop_left,D,30,10.0,180.0,56,-1.4683760683760685,
29,J3CJ2,bottom_loop_left,D,30,10.0,180.0,54,-1.464957264957265,
30,J3CA,bottom_loop_left,D,30,10.0,180.0,2,-1.1846153846153848,
32,J3J1A,bottom_loop_left,D,30,10.0,180.0,2,-1.3149572649572652,
34,J3J3A,bottom_loop_left,D,30,10.0,180.0,2,-1.274786324786325,
0,ACB,bottom_loop_left,D,40,10.0,45.12,0,-0.357015873015873,
11,CCB,bottom_loop_left,D,40,10.0,49.63,0,-0.3919920634920635,
14,CCA,bottom_loop_left,D,40,10.0,49.63,0,-0.38167460317460317,
2,ACJ2,bottom_loop_left,D,40,10.0,53.99,0,-0.4154206349206349,
12,CCJ1,bottom_loop_left,D,40,10.0,54.620000000000005,0,-0.4316190476190476,
3,ACA,bottom_loop_left,D,40,10.0,54.68,0,-0.4168730158730159,
15,CJ1B,bottom_loop_left,D,40,10.0,54.7,0,-0.42730158730158735,
18,CJ1A,bottom_loop_left,D,40,10.0,54.7,0,-0.416984126984127,
13,CCJ2,bottom_loop_left,D,40,10.0,55.620000000000005,0,-0.4387619047619048,
8,AJ3B,bottom_loop_left,D,40,10.0,56.28,0,-0.4336984126984127,
4,AJ1B,bottom_loop_left,D,40,10.0,56.51,0,-0.4369603174603175,
1,ACJ1,bottom_loop_left,D,40,10.0,57.0,0,-0.43412698412698414,
19,CJ3B,bottom_loop_left,D,40,10.0,57.54,0,-0.44585714285714284,
21,CJ3A,bottom_loop_left,D,40,10.0,57.59,0,-0.43264285714285716,
17,CJ1J2,bottom_loop_left,D,40,10.0,61.1,0,-0.4795238095238095,
16,CJ1J1,bottom_loop_left,D,40,10.0,62.36,0,-0.48573015873015873,
20,CJ3J1,bottom_loop_left,D,40,10.0,65.13,0,-0.5007222222222222,
9,AJ3J1,bottom_loop_left,D,40,10.0,65.63,0,-0.5038968253968253,
7,AJ1A,bottom_loop_left,D,40,10.0,67.37,0,-0.5123730158730159,
6,AJ1J2,bottom_loop_left,D,40,10.0,67.7,0,-0.5177777777777778,
5,AJ1J1,bottom_loop_left,D,40,10.0,71.24,0,-0.5402222222222222,
10,AJ3A,bottom_loop_left,D,40,10.0,74.08,0,-0.5607619047619047,
28,J3CB,bottom_loop_left,D,40,10.0,78.71000000000001,0,-0.5920396825396825,
31,J3J1B,bottom_loop_left,D,40,10.0,89.21000000000001,0,-0.6868809523809524,
33,J3J3B,bottom_loop_left,D,40,10.0,96.98,0,-0.7479047619047619,
22,J2CB,bottom_loop_left,D,40,10.0,119.85000000000001,0,-0.8801190476190476,
25,J2CA,bottom_loop_left,D,40,10.0,119.85000000000001,0,-0.8698015873015872,
24,J2CJ2,bottom_loop_left,D,40,10.0,160.57,0,-1.2190396825396825,
23,J2CJ1,bottom_loop_left,D,40,10.0,180.0,8,-1.3773809523809522,
26,J2J3B,bottom_loop_left,D,40,10.0,180.0,56,-1.4551587301587294,
27,J2J3A,bottom_loop_left,D,40,10.0,180.0,56,-1.441666666666666,
29,J3CJ2,bottom_loop_left,D,40,10.0,180.0,54,-1.4384920634920628,
30,J3CA,bottom_loop_left,D,40,10.0,180.0,2,-1.1781746031746032,
32,J3J1A,bottom_loop_left,D,40,10.0,180.0,2,-1.2992063492063493,
34,J3J3A,bottom_loop_left,D,40,10.0,180.0,2,-1.2619047619047619,
